<?xml version="1.0" encoding="UTF-8"?>
<gpx version="1.1" schemaLocation="http://www.topografix.com/GPX/1/1 http://www.topografix.com/GPX/1/1/gpx.xsd http://www.garmin.com/xmlschemas/GpxExtensions/v3 http://www.garmin.com/xmlschemas/GpxExtensionsv3.xsd http://www.garmin.com/xmlschemas/TrackPointExtension/v1 http://www.garmin.com/xmlschemas/TrackPointExtensionv1.xsd http://www.garmin.com/xmlschemas/PowerExtension/v1 http://www.garmin.com/xmlschemas/PowerExtensionv1.xsd http://www.topografix.com/GPX/gpx_style/0/2 http://www.topografix.com/GPX/gpx_style/0/2/gpx_style.xsd" creator="Openrunner - https://www.openrunner.com" xmlns="http://www.topografix.com/GPX/1/1" xmlns:xsi="http://www.w3.org/2001/XMLSchema-instance" xsi:schemaLocation="http://www.topografix.com/GPX/1/1 http://www.topografix.com/GPX/1/1/gpx.xsd http://www.garmin.com/xmlschemas/GpxExtensions/v3 http://www.garmin.com/xmlschemas/GpxExtensionsv3.xsd http://www.garmin.com/xmlschemas/TrackPointExtension/v1 http://www.garmin.com/xmlschemas/TrackPointExtensionv1.xsd http://www.garmin.com/xmlschemas/PowerExtension/v1 http://www.garmin.com/xmlschemas/PowerExtensionv1.xsd http://www.topografix.com/GPX/gpx_style/0/2 http://www.topografix.com/GPX/gpx_style/0/2/gpx_style.xsd" xmlns:gpxtpx="http://www.garmin.com/xmlschemas/TrackPointExtension/v1" xmlns:gpxx="http://www.garmin.com/xmlschemas/GpxExtensions/v3" xmlns:gpxpx="http://www.garmin.com/xmlschemas/PowerExtension/v1" xmlns:gpx_style="http://www.topografix.com/GPX/gpx_style/0/2">
  <metadata>
    <name>natation_S</name>
    <author>
      <name>gpx.studio</name>
      <link href="https://gpx.studio"/>
    </author>
  </metadata>
  <trk>
    <name>natation_S (1)</name>
    <trkseg>
      <trkpt lat="45.45546" lon="4.78032">
        <ele>143</ele>
        <time>2026-05-24T18:47:23.000Z</time>
      </trkpt>
      <trkpt lat="45.45343" lon="4.77611">
        <ele>151</ele>
        <time>2026-05-24T18:52:10.000Z</time>
      </trkpt>
      <trkpt lat="45.45385" lon="4.77421">
        <ele>150</ele>
        <time>2026-05-24T18:54:02.000Z</time>
      </trkpt>
      <trkpt lat="45.45413" lon="4.77434">
        <ele>146</ele>
        <time>2026-05-24T18:54:25.000Z</time>
      </trkpt>
      <trkpt lat="45.45452" lon="4.77567">
        <ele>143.5</ele>
        <time>2026-05-24T18:55:45.902Z</time>
      </trkpt>
      <trkpt lat="45.45494283583716" lon="4.775616251983109">
        <ele>144.249902102632</ele>
        <time>2026-05-24T18:56:19.865Z</time>
      </trkpt>
      <trkpt lat="45.455032390764586" lon="4.775604515321135">
        <ele>144.79549140338835</ele>
        <time>2026-05-24T18:56:21.901Z</time>
      </trkpt>
      <trkpt lat="45.45494388718521" lon="4.7756133177989">
        <ele>144.2555929850474</ele>
        <time>2026-05-24T18:56:23.910Z</time>
      </trkpt>
      <trkpt lat="45.455083609779166" lon="4.775572883083669">
        <ele>145.06760501218986</ele>
        <time>2026-05-24T18:56:27.139Z</time>
      </trkpt>
      <trkpt lat="45.455142735109035" lon="4.775535601847423">
        <ele>145.44565059243578</ele>
        <time>2026-05-24T18:56:28.603Z</time>
      </trkpt>
      <trkpt lat="45.455201569831814" lon="4.775505993226261">
        <ele>145.71490689345157</ele>
        <time>2026-05-24T18:56:30.016Z</time>
      </trkpt>
      <trkpt lat="45.4552572228196" lon="4.775506274603458">
        <ele>146.04666884741818</ele>
        <time>2026-05-24T18:56:31.276Z</time>
      </trkpt>
      <trkpt lat="45.45530233711358" lon="4.775479262589812">
        <ele>146.1335895245902</ele>
        <time>2026-05-24T18:56:32.384Z</time>
      </trkpt>
      <trkpt lat="45.45534835365655" lon="4.775439387709014">
        <ele>146.20338880741113</ele>
        <time>2026-05-24T18:56:33.603Z</time>
      </trkpt>
      <trkpt lat="45.45564041432678" lon="4.775091354604939">
        <ele>146.4527463627058</ele>
        <time>2026-05-24T18:56:42.224Z</time>
      </trkpt>
      <trkpt lat="45.45590493697662" lon="4.774836352721508">
        <ele>146.62482231436366</ele>
        <time>2026-05-24T18:56:49.456Z</time>
      </trkpt>
      <trkpt lat="45.45588367573595" lon="4.774793052628496">
        <ele>146.40284995022307</ele>
        <time>2026-05-24T18:56:50.295Z</time>
      </trkpt>
      <trkpt lat="45.45552786637846" lon="4.775185010802556">
        <ele>146.24233088947454</ele>
        <time>2026-05-24T18:57:00.479Z</time>
      </trkpt>
      <trkpt lat="45.4553491047655" lon="4.7753819338849155">
        <ele>146.1389453302608</ele>
        <time>2026-05-24T18:57:05.595Z</time>
      </trkpt>
      <trkpt lat="45.455302502137556" lon="4.775414955658249">
        <ele>146.0226110948254</ele>
        <time>2026-05-24T18:57:06.773Z</time>
      </trkpt>
      <trkpt lat="45.45520147467241" lon="4.775435828601701">
        <ele>145.62399714873217</ele>
        <time>2026-05-24T18:57:09.085Z</time>
      </trkpt>
      <trkpt lat="45.45515462129393" lon="4.775425392130586">
        <ele>145.3954221794673</ele>
        <time>2026-05-24T18:57:10.159Z</time>
      </trkpt>
      <trkpt lat="45.45509898285604" lon="4.77532728930052">
        <ele>145.08684614156448</ele>
        <time>2026-05-24T18:57:12.163Z</time>
      </trkpt>
      <trkpt lat="45.45502214445315" lon="4.775185208577625">
        <ele>144.72363016214302</ele>
        <time>2026-05-24T18:57:15.013Z</time>
      </trkpt>
      <trkpt lat="45.45494849167693" lon="4.775109610130642">
        <ele>144.29088887847132</ele>
        <time>2026-05-24T18:57:17.068Z</time>
      </trkpt>
      <trkpt lat="45.45489104244493" lon="4.775008812201321">
        <ele>144.082952015035</ele>
        <time>2026-05-24T18:57:19.131Z</time>
      </trkpt>
      <trkpt lat="45.45488718117062" lon="4.77500153670502">
        <ele>144.06317979020196</ele>
        <time>2026-05-24T20:19:50.000Z</time>
      </trkpt>
      <trkpt lat="45.454584416753036" lon="4.774527595234526">
        <ele>143.6366470462495</ele>
        <time>2026-05-24T20:19:58.046Z</time>
      </trkpt>
      <trkpt lat="45.45438823506808" lon="4.774220496279526">
        <ele>143.7299654368785</ele>
        <time>2026-05-24T20:20:03.258Z</time>
      </trkpt>
      <trkpt lat="45.45438823506808" lon="4.774220496279526">
        <ele>143.7299654368785</ele>
        <time>2026-05-24T20:20:03.258Z</time>
      </trkpt>
      <trkpt lat="45.454083315092" lon="4.773749375507385">
        <ele>144.102943327591</ele>
        <time>2026-05-24T20:20:11.301Z</time>
      </trkpt>
      <trkpt lat="45.45394899000283" lon="4.773541834694413">
        <ele>145.56086775557407</ele>
        <time>2026-05-24T20:20:14.844Z</time>
      </trkpt>
      <trkpt lat="45.45394899000283" lon="4.773541834694413">
        <ele>145.56086775557407</ele>
        <time>2026-05-24T20:20:14.844Z</time>
      </trkpt>
      <trkpt lat="45.453904487027046" lon="4.773478393381993">
        <ele>146.27430404243094</ele>
        <time>2026-05-24T20:20:15.969Z</time>
      </trkpt>
      <trkpt lat="45.453904487027046" lon="4.773478393381993">
        <ele>146.27430404243094</ele>
        <time>2026-05-24T20:20:15.969Z</time>
      </trkpt>
      <trkpt lat="45.45389764041252" lon="4.773390551565143">
        <ele>146.5640125453949</ele>
        <time>2026-05-24T20:20:17.076Z</time>
      </trkpt>
      <trkpt lat="45.45389764041252" lon="4.773390551565143">
        <ele>146.5640125453949</ele>
        <time>2026-05-24T20:20:17.076Z</time>
      </trkpt>
      <trkpt lat="45.453921603560644" lon="4.77328318934363">
        <ele>146.51069789150472</ele>
        <time>2026-05-24T20:20:18.488Z</time>
      </trkpt>
      <trkpt lat="45.453921603560644" lon="4.77328318934363">
        <ele>146.51069789150472</ele>
        <time>2026-05-24T20:20:18.488Z</time>
      </trkpt>
      <trkpt lat="45.45422632129471" lon="4.772811802433746">
        <ele>144.9773145784627</ele>
        <time>2026-05-24T20:20:26.523Z</time>
      </trkpt>
      <trkpt lat="45.45448568351307" lon="4.772410578806159">
        <ele>144.96842197040195</ele>
        <time>2026-05-24T20:20:33.362Z</time>
      </trkpt>
      <trkpt lat="45.45448568351307" lon="4.772410578806159">
        <ele>144.96842197040195</ele>
        <time>2026-05-24T20:20:33.362Z</time>
      </trkpt>
      <trkpt lat="45.454602074637705" lon="4.772264175776655">
        <ele>145.0842640031135</ele>
        <time>2026-05-24T20:20:35.759Z</time>
      </trkpt>
      <trkpt lat="45.454602074637705" lon="4.772264175776655">
        <ele>145.0842640031135</ele>
        <time>2026-05-24T20:20:35.759Z</time>
      </trkpt>
      <trkpt lat="45.45464315380107" lon="4.772225134970142">
        <ele>145.03877816163086</ele>
        <time>2026-05-24T20:20:36.542Z</time>
      </trkpt>
      <trkpt lat="45.45464315380107" lon="4.772225134970142">
        <ele>145.03877816163086</ele>
        <time>2026-05-24T20:20:36.542Z</time>
      </trkpt>
      <trkpt lat="45.4546500003251" lon="4.772156813556535">
        <ele>145.20843706043098</ele>
        <time>2026-05-24T20:20:37.351Z</time>
      </trkpt>
      <trkpt lat="45.4546500003251" lon="4.772156813556535">
        <ele>145.20843706043098</ele>
        <time>2026-05-24T20:20:37.351Z</time>
      </trkpt>
      <trkpt lat="45.45461576769546" lon="4.771995770224947">
        <ele>145.72602252808923</ele>
        <time>2026-05-24T20:20:38.805Z</time>
      </trkpt>
      <trkpt lat="45.45461576769546" lon="4.771995770224947">
        <ele>145.72602252808923</ele>
        <time>2026-05-24T20:20:38.805Z</time>
      </trkpt>
      <trkpt lat="45.45458912193686" lon="4.7719459379907505">
        <ele>145.94885620558654</ele>
        <time>2026-05-24T20:20:39.346Z</time>
      </trkpt>
      <trkpt lat="45.45458912193686" lon="4.7719459379907505">
        <ele>145.94885620558654</ele>
        <time>2026-05-24T20:20:39.346Z</time>
      </trkpt>
      <trkpt lat="45.45431299728759" lon="4.77243059417367">
        <ele>145.54706580702958</ele>
        <time>2026-05-24T20:20:44.742Z</time>
      </trkpt>
      <trkpt lat="45.454012470850735" lon="4.772907417121641">
        <ele>146.26827031457853</ele>
        <time>2026-05-24T20:20:50.281Z</time>
      </trkpt>
      <trkpt lat="45.45391" lon="4.77307">
        <ele>146.7941215049946</ele>
        <time>2026-05-24T20:20:52.169Z</time>
      </trkpt>
      <trkpt lat="45.45391" lon="4.77307">
        <ele>149</ele>
        <time>2026-05-24T20:20:52.169Z</time>
      </trkpt>
      <trkpt lat="45.45388" lon="4.77316">
        <ele>149</ele>
        <time>2026-05-24T20:21:33.060Z</time>
      </trkpt>
      <trkpt lat="45.45377" lon="4.77353">
        <ele>150</ele>
        <time>2026-05-24T20:21:38.060Z</time>
      </trkpt>
      <trkpt lat="45.45375" lon="4.77361">
        <ele>151</ele>
        <time>2026-05-24T20:21:39.060Z</time>
      </trkpt>
      <trkpt lat="45.45366" lon="4.77389">
        <ele>152</ele>
        <time>2026-05-24T20:21:43.060Z</time>
      </trkpt>
      <trkpt lat="45.45333" lon="4.77508">
        <ele>158</ele>
        <time>2026-05-24T20:21:59.060Z</time>
      </trkpt>
      <trkpt lat="45.45327" lon="4.77531">
        <ele>158</ele>
        <time>2026-05-24T20:22:02.060Z</time>
      </trkpt>
      <trkpt lat="45.45323" lon="4.77556">
        <ele>158</ele>
        <time>2026-05-24T20:22:05.060Z</time>
      </trkpt>
      <trkpt lat="45.45321" lon="4.77579">
        <ele>158</ele>
        <time>2026-05-24T20:22:08.060Z</time>
      </trkpt>
      <trkpt lat="45.45315" lon="4.77731">
        <ele>153</ele>
        <time>2026-05-24T20:22:27.060Z</time>
      </trkpt>
      <trkpt lat="45.45316" lon="4.77759">
        <ele>154</ele>
        <time>2026-05-24T20:22:30.060Z</time>
      </trkpt>
      <trkpt lat="45.45319" lon="4.77773">
        <ele>155</ele>
        <time>2026-05-24T20:22:32.060Z</time>
      </trkpt>
      <trkpt lat="45.45327" lon="4.778">
        <ele>155</ele>
        <time>2026-05-24T20:22:36.060Z</time>
      </trkpt>
      <trkpt lat="45.45352" lon="4.77858">
        <ele>156</ele>
        <time>2026-05-24T20:22:44.060Z</time>
      </trkpt>
      <trkpt lat="45.45359" lon="4.77869">
        <ele>155</ele>
        <time>2026-05-24T20:22:46.060Z</time>
      </trkpt>
      <trkpt lat="45.45392" lon="4.77903">
        <ele>151</ele>
        <time>2026-05-24T20:22:53.060Z</time>
      </trkpt>
      <trkpt lat="45.4541" lon="4.77937">
        <ele>149</ele>
        <time>2026-05-24T20:22:59.060Z</time>
      </trkpt>
      <trkpt lat="45.45464" lon="4.78034">
        <ele>151</ele>
        <time>2026-05-24T20:23:14.060Z</time>
      </trkpt>
      <trkpt lat="45.45493" lon="4.78104">
        <ele>152</ele>
        <time>2026-05-24T20:23:24.060Z</time>
      </trkpt>
      <trkpt lat="45.45521" lon="4.78177">
        <ele>155</ele>
        <time>2026-05-24T20:23:35.060Z</time>
      </trkpt>
      <trkpt lat="45.45534" lon="4.78206">
        <ele>156</ele>
        <time>2026-05-24T20:23:39.060Z</time>
      </trkpt>
      <trkpt lat="45.45587" lon="4.78291">
        <ele>151</ele>
        <time>2026-05-24T20:23:53.060Z</time>
      </trkpt>
      <trkpt lat="45.45616" lon="4.78333">
        <ele>153</ele>
        <time>2026-05-24T20:24:01.060Z</time>
      </trkpt>
      <trkpt lat="45.45648" lon="4.78376">
        <ele>152</ele>
        <time>2026-05-24T20:24:08.060Z</time>
      </trkpt>
      <trkpt lat="45.4565" lon="4.78378">
        <ele>152</ele>
        <time>2026-05-24T20:24:09.060Z</time>
      </trkpt>
      <trkpt lat="45.45695" lon="4.78431">
        <ele>151</ele>
        <time>2026-05-24T20:24:19.060Z</time>
      </trkpt>
      <trkpt lat="45.45721" lon="4.78454">
        <ele>152</ele>
        <time>2026-05-24T20:24:25.060Z</time>
      </trkpt>
      <trkpt lat="45.45747" lon="4.78476">
        <ele>153</ele>
        <time>2026-05-24T20:24:30.060Z</time>
      </trkpt>
      <trkpt lat="45.45789" lon="4.7851">
        <ele>155</ele>
        <time>2026-05-24T20:24:39.060Z</time>
      </trkpt>
      <trkpt lat="45.45807" lon="4.78527">
        <ele>156</ele>
        <time>2026-05-24T20:24:42.060Z</time>
      </trkpt>
      <trkpt lat="45.45853" lon="4.78563">
        <ele>157</ele>
        <time>2026-05-24T20:24:52.060Z</time>
      </trkpt>
      <trkpt lat="45.45916" lon="4.7861">
        <ele>158</ele>
        <time>2026-05-24T20:25:04.060Z</time>
      </trkpt>
      <trkpt lat="45.45914" lon="4.78616">
        <ele>159</ele>
        <time>2026-05-24T20:25:05.060Z</time>
      </trkpt>
      <trkpt lat="45.45837" lon="4.78557">
        <ele>157</ele>
        <time>2026-05-24T20:25:21.060Z</time>
      </trkpt>
      <trkpt lat="45.45786" lon="4.78514">
        <ele>156</ele>
        <time>2026-05-24T20:25:31.060Z</time>
      </trkpt>
      <trkpt lat="45.45694" lon="4.78434">
        <ele>151</ele>
        <time>2026-05-24T20:25:51.060Z</time>
      </trkpt>
      <trkpt lat="45.45684" lon="4.78452">
        <ele>155</ele>
        <time>2026-05-24T20:25:53.060Z</time>
      </trkpt>
      <trkpt lat="45.45679" lon="4.78462">
        <ele>157</ele>
        <time>2026-05-24T20:25:55.060Z</time>
      </trkpt>
      <trkpt lat="45.45671" lon="4.78473">
        <ele>159</ele>
        <time>2026-05-24T20:25:57.060Z</time>
      </trkpt>
      <trkpt lat="45.45664" lon="4.78477">
        <ele>161</ele>
        <time>2026-05-24T20:25:58.060Z</time>
      </trkpt>
      <trkpt lat="45.45658" lon="4.78479">
        <ele>162</ele>
        <time>2026-05-24T20:25:59.060Z</time>
      </trkpt>
      <trkpt lat="45.45645" lon="4.78478">
        <ele>165</ele>
        <time>2026-05-24T20:26:02.060Z</time>
      </trkpt>
      <trkpt lat="45.4563" lon="4.78474">
        <ele>167</ele>
        <time>2026-05-24T20:26:04.060Z</time>
      </trkpt>
      <trkpt lat="45.45588" lon="4.7846">
        <ele>172</ele>
        <time>2026-05-24T20:26:12.060Z</time>
      </trkpt>
      <trkpt lat="45.45582" lon="4.78459">
        <ele>173</ele>
        <time>2026-05-24T20:26:13.060Z</time>
      </trkpt>
      <trkpt lat="45.45576" lon="4.78456">
        <ele>174</ele>
        <time>2026-05-24T20:26:14.060Z</time>
      </trkpt>
      <trkpt lat="45.45574" lon="4.78453">
        <ele>174</ele>
        <time>2026-05-24T20:26:15.060Z</time>
      </trkpt>
      <trkpt lat="45.45572" lon="4.78447">
        <ele>173</ele>
        <time>2026-05-24T20:26:16.060Z</time>
      </trkpt>
      <trkpt lat="45.45569" lon="4.78417">
        <ele>168</ele>
        <time>2026-05-24T20:26:19.060Z</time>
      </trkpt>
      <trkpt lat="45.45569" lon="4.78413">
        <ele>168</ele>
        <time>2026-05-24T20:26:20.060Z</time>
      </trkpt>
      <trkpt lat="45.45554" lon="4.78392">
        <ele>170</ele>
        <time>2026-05-24T20:26:24.060Z</time>
      </trkpt>
      <trkpt lat="45.45533" lon="4.78387">
        <ele>175</ele>
        <time>2026-05-24T20:26:27.060Z</time>
      </trkpt>
      <trkpt lat="45.45516" lon="4.78373">
        <ele>178</ele>
        <time>2026-05-24T20:26:31.060Z</time>
      </trkpt>
      <trkpt lat="45.45504" lon="4.78333">
        <ele>177</ele>
        <time>2026-05-24T20:26:36.060Z</time>
      </trkpt>
      <trkpt lat="45.45487" lon="4.78302">
        <ele>178</ele>
        <time>2026-05-24T20:26:41.060Z</time>
      </trkpt>
      <trkpt lat="45.45459" lon="4.78235">
        <ele>178</ele>
        <time>2026-05-24T20:26:51.060Z</time>
      </trkpt>
      <trkpt lat="45.45448" lon="4.78217">
        <ele>178</ele>
        <time>2026-05-24T20:26:54.060Z</time>
      </trkpt>
      <trkpt lat="45.45443" lon="4.78213">
        <ele>179</ele>
        <time>2026-05-24T20:26:55.060Z</time>
      </trkpt>
      <trkpt lat="45.45441" lon="4.7821">
        <ele>179</ele>
        <time>2026-05-24T20:26:55.060Z</time>
      </trkpt>
      <trkpt lat="45.45364" lon="4.78111">
        <ele>179</ele>
        <time>2026-05-24T20:27:14.060Z</time>
      </trkpt>
      <trkpt lat="45.45357" lon="4.78101">
        <ele>180</ele>
        <time>2026-05-24T20:27:16.060Z</time>
      </trkpt>
      <trkpt lat="45.45351" lon="4.7809">
        <ele>179</ele>
        <time>2026-05-24T20:27:17.060Z</time>
      </trkpt>
      <trkpt lat="45.4535" lon="4.78087">
        <ele>179</ele>
        <time>2026-05-24T20:27:18.060Z</time>
      </trkpt>
      <trkpt lat="45.45349" lon="4.78082">
        <ele>179</ele>
        <time>2026-05-24T20:27:19.060Z</time>
      </trkpt>
      <trkpt lat="45.45348" lon="4.78049">
        <ele>176</ele>
        <time>2026-05-24T20:27:23.060Z</time>
      </trkpt>
      <trkpt lat="45.45347" lon="4.78043">
        <ele>176</ele>
        <time>2026-05-24T20:27:23.060Z</time>
      </trkpt>
      <trkpt lat="45.45346" lon="4.78035">
        <ele>176</ele>
        <time>2026-05-24T20:27:24.060Z</time>
      </trkpt>
      <trkpt lat="45.45335" lon="4.78002">
        <ele>176</ele>
        <time>2026-05-24T20:27:29.060Z</time>
      </trkpt>
      <trkpt lat="45.45305" lon="4.77928">
        <ele>177</ele>
        <time>2026-05-24T20:27:40.060Z</time>
      </trkpt>
      <trkpt lat="45.45302" lon="4.7792">
        <ele>177</ele>
        <time>2026-05-24T20:27:41.060Z</time>
      </trkpt>
      <trkpt lat="45.45298" lon="4.77904">
        <ele>177</ele>
        <time>2026-05-24T20:27:43.060Z</time>
      </trkpt>
      <trkpt lat="45.45296" lon="4.77875">
        <ele>174</ele>
        <time>2026-05-24T20:27:47.060Z</time>
      </trkpt>
      <trkpt lat="45.45294" lon="4.77862">
        <ele>173</ele>
        <time>2026-05-24T20:27:48.060Z</time>
      </trkpt>
      <trkpt lat="45.45287" lon="4.7784">
        <ele>172</ele>
        <time>2026-05-24T20:27:51.060Z</time>
      </trkpt>
      <trkpt lat="45.45279" lon="4.77822">
        <ele>173</ele>
        <time>2026-05-24T20:27:54.060Z</time>
      </trkpt>
      <trkpt lat="45.45272" lon="4.7781">
        <ele>174</ele>
        <time>2026-05-24T20:27:56.060Z</time>
      </trkpt>
      <trkpt lat="45.45266" lon="4.77803">
        <ele>175</ele>
        <time>2026-05-24T20:27:57.060Z</time>
      </trkpt>
      <trkpt lat="45.45246" lon="4.77788">
        <ele>179</ele>
        <time>2026-05-24T20:28:01.060Z</time>
      </trkpt>
      <trkpt lat="45.45231" lon="4.77779">
        <ele>181</ele>
        <time>2026-05-24T20:28:04.060Z</time>
      </trkpt>
      <trkpt lat="45.45225" lon="4.77775">
        <ele>183</ele>
        <time>2026-05-24T20:28:05.060Z</time>
      </trkpt>
      <trkpt lat="45.45222" lon="4.77771">
        <ele>183</ele>
        <time>2026-05-24T20:28:06.060Z</time>
      </trkpt>
      <trkpt lat="45.45222" lon="4.77767">
        <ele>183</ele>
        <time>2026-05-24T20:28:07.060Z</time>
      </trkpt>
      <trkpt lat="45.45223" lon="4.77764">
        <ele>182</ele>
        <time>2026-05-24T20:28:07.060Z</time>
      </trkpt>
      <trkpt lat="45.45237" lon="4.77739">
        <ele>176</ele>
        <time>2026-05-24T20:28:11.060Z</time>
      </trkpt>
      <trkpt lat="45.45239" lon="4.77734">
        <ele>175</ele>
        <time>2026-05-24T20:28:12.060Z</time>
      </trkpt>
      <trkpt lat="45.4524" lon="4.77722">
        <ele>175</ele>
        <time>2026-05-24T20:28:13.060Z</time>
      </trkpt>
      <trkpt lat="45.45236" lon="4.77659">
        <ele>176</ele>
        <time>2026-05-24T20:28:21.060Z</time>
      </trkpt>
      <trkpt lat="45.45229" lon="4.77611">
        <ele>178</ele>
        <time>2026-05-24T20:28:27.060Z</time>
      </trkpt>
      <trkpt lat="45.45221" lon="4.7755">
        <ele>180</ele>
        <time>2026-05-24T20:28:35.060Z</time>
      </trkpt>
      <trkpt lat="45.4522" lon="4.77514">
        <ele>179</ele>
        <time>2026-05-24T20:28:39.060Z</time>
      </trkpt>
      <trkpt lat="45.45215" lon="4.77475">
        <ele>180</ele>
        <time>2026-05-24T20:28:44.060Z</time>
      </trkpt>
      <trkpt lat="45.45215" lon="4.77442">
        <ele>180</ele>
        <time>2026-05-24T20:28:48.060Z</time>
      </trkpt>
      <trkpt lat="45.45217" lon="4.77415">
        <ele>179</ele>
        <time>2026-05-24T20:28:52.060Z</time>
      </trkpt>
      <trkpt lat="45.45225" lon="4.77368">
        <ele>177</ele>
        <time>2026-05-24T20:28:58.060Z</time>
      </trkpt>
      <trkpt lat="45.45233" lon="4.77329">
        <ele>174</ele>
        <time>2026-05-24T20:29:03.060Z</time>
      </trkpt>
      <trkpt lat="45.45239" lon="4.77305">
        <ele>171</ele>
        <time>2026-05-24T20:29:06.060Z</time>
      </trkpt>
      <trkpt lat="45.4524" lon="4.77297">
        <ele>170</ele>
        <time>2026-05-24T20:29:07.060Z</time>
      </trkpt>
      <trkpt lat="45.45235" lon="4.77245">
        <ele>168</ele>
        <time>2026-05-24T20:29:14.060Z</time>
      </trkpt>
      <trkpt lat="45.45245" lon="4.77233">
        <ele>164</ele>
        <time>2026-05-24T20:29:16.060Z</time>
      </trkpt>
      <trkpt lat="45.45245" lon="4.77232">
        <ele>164</ele>
        <time>2026-05-24T20:29:16.060Z</time>
      </trkpt>
      <trkpt lat="45.45217" lon="4.77191">
        <ele>165</ele>
        <time>2026-05-24T20:29:23.060Z</time>
      </trkpt>
      <trkpt lat="45.45259" lon="4.77145">
        <ele>155</ele>
        <time>2026-05-24T20:29:33.060Z</time>
      </trkpt>
      <trkpt lat="45.45276" lon="4.77125">
        <ele>155</ele>
        <time>2026-05-24T20:29:37.060Z</time>
      </trkpt>
      <trkpt lat="45.453" lon="4.771">
        <ele>154</ele>
        <time>2026-05-24T20:29:42.060Z</time>
      </trkpt>
      <trkpt lat="45.45373" lon="4.77022">
        <ele>155</ele>
        <time>2026-05-24T20:29:58.060Z</time>
      </trkpt>
      <trkpt lat="45.45387" lon="4.77006">
        <ele>155</ele>
        <time>2026-05-24T20:30:01.060Z</time>
      </trkpt>
      <trkpt lat="45.45397" lon="4.76994">
        <ele>155</ele>
        <time>2026-05-24T20:30:04.060Z</time>
      </trkpt>
      <trkpt lat="45.45411" lon="4.7696">
        <ele>155</ele>
        <time>2026-05-24T20:30:09.060Z</time>
      </trkpt>
      <trkpt lat="45.45414" lon="4.76943">
        <ele>155</ele>
        <time>2026-05-24T20:30:11.060Z</time>
      </trkpt>
      <trkpt lat="45.45422" lon="4.76887">
        <ele>154</ele>
        <time>2026-05-24T20:30:18.060Z</time>
      </trkpt>
      <trkpt lat="45.45423" lon="4.76878">
        <ele>154</ele>
        <time>2026-05-24T20:30:19.060Z</time>
      </trkpt>
      <trkpt lat="45.45431" lon="4.76817">
        <ele>152</ele>
        <time>2026-05-24T20:30:27.060Z</time>
      </trkpt>
      <trkpt lat="45.45508" lon="4.7684">
        <ele>153</ele>
        <time>2026-05-24T20:30:41.060Z</time>
      </trkpt>
      <trkpt lat="45.45524" lon="4.76845">
        <ele>152</ele>
        <time>2026-05-24T20:30:44.060Z</time>
      </trkpt>
      <trkpt lat="45.45558" lon="4.76857">
        <ele>150</ele>
        <time>2026-05-24T20:30:50.060Z</time>
      </trkpt>
      <trkpt lat="45.45574" lon="4.76863">
        <ele>149</ele>
        <time>2026-05-24T20:30:53.060Z</time>
      </trkpt>
      <trkpt lat="45.45588" lon="4.76865">
        <ele>148</ele>
        <time>2026-05-24T20:30:55.060Z</time>
      </trkpt>
      <trkpt lat="45.4559" lon="4.7687">
        <ele>148</ele>
        <time>2026-05-24T20:30:56.060Z</time>
      </trkpt>
      <trkpt lat="45.45592" lon="4.76878">
        <ele>148</ele>
        <time>2026-05-24T20:30:57.060Z</time>
      </trkpt>
      <trkpt lat="45.45593" lon="4.76886">
        <ele>148</ele>
        <time>2026-05-24T20:30:58.060Z</time>
      </trkpt>
      <trkpt lat="45.45592" lon="4.76898">
        <ele>148</ele>
        <time>2026-05-24T20:31:00.060Z</time>
      </trkpt>
      <trkpt lat="45.45591" lon="4.76907">
        <ele>148</ele>
        <time>2026-05-24T20:31:01.060Z</time>
      </trkpt>
      <trkpt lat="45.45581" lon="4.76955">
        <ele>148</ele>
        <time>2026-05-24T20:31:07.060Z</time>
      </trkpt>
      <trkpt lat="45.45573" lon="4.76999">
        <ele>148</ele>
        <time>2026-05-24T20:31:13.060Z</time>
      </trkpt>
      <trkpt lat="45.45569" lon="4.77011">
        <ele>148</ele>
        <time>2026-05-24T20:31:14.060Z</time>
      </trkpt>
      <trkpt lat="45.45566" lon="4.77016">
        <ele>148</ele>
        <time>2026-05-24T20:31:15.060Z</time>
      </trkpt>
      <trkpt lat="45.45563" lon="4.7702">
        <ele>148</ele>
        <time>2026-05-24T20:31:16.060Z</time>
      </trkpt>
      <trkpt lat="45.45557" lon="4.77024">
        <ele>148</ele>
        <time>2026-05-24T20:31:17.060Z</time>
      </trkpt>
      <trkpt lat="45.45546" lon="4.77025">
        <ele>149</ele>
        <time>2026-05-24T20:31:19.060Z</time>
      </trkpt>
      <trkpt lat="45.45538" lon="4.77024">
        <ele>150</ele>
        <time>2026-05-24T20:31:21.060Z</time>
      </trkpt>
      <trkpt lat="45.45528" lon="4.7702">
        <ele>151</ele>
        <time>2026-05-24T20:31:22.952Z</time>
      </trkpt>
      <trkpt lat="45.45528" lon="4.7702">
        <ele>153.40484074464717</ele>
        <time>2026-05-24T20:31:22.952Z</time>
      </trkpt>
      <trkpt lat="45.455059660264524" lon="4.770758791313239">
        <ele>149.68603228405405</ele>
        <time>2026-05-24T20:31:31.143Z</time>
      </trkpt>
      <trkpt lat="45.454839320529054" lon="4.7713175826264775">
        <ele>147.51589860185055</ele>
        <time>2026-05-24T20:31:39.334Z</time>
      </trkpt>
      <trkpt lat="45.454618980793576" lon="4.771876373939717">
        <ele>146.17147537493003</ele>
        <time>2026-05-24T20:31:47.525Z</time>
      </trkpt>
      <trkpt lat="45.454592742043786" lon="4.771942916569543">
        <ele>145.9490029457492</ele>
        <time>2026-05-24T20:31:48.500Z</time>
      </trkpt>
      <trkpt lat="45.45459" lon="4.77195">
        <ele>147</ele>
        <time>2026-05-24T20:31:48.602Z</time>
      </trkpt>
      <trkpt lat="45.4545" lon="4.77213">
        <ele>147</ele>
        <time>2026-05-24T20:31:51.602Z</time>
      </trkpt>
      <trkpt lat="45.45432" lon="4.77242">
        <ele>146</ele>
        <time>2026-05-24T20:31:56.602Z</time>
      </trkpt>
      <trkpt lat="45.45424" lon="4.77253">
        <ele>146</ele>
        <time>2026-05-24T20:31:58.602Z</time>
      </trkpt>
      <trkpt lat="45.45418" lon="4.77263">
        <ele>146</ele>
        <time>2026-05-24T20:31:59.602Z</time>
      </trkpt>
      <trkpt lat="45.45405" lon="4.77283">
        <ele>147</ele>
        <time>2026-05-24T20:32:03.602Z</time>
      </trkpt>
      <trkpt lat="45.45398" lon="4.77296">
        <ele>148</ele>
        <time>2026-05-24T20:32:05.602Z</time>
      </trkpt>
      <trkpt lat="45.45391" lon="4.77307">
        <ele>149</ele>
        <time>2026-05-24T20:32:07.602Z</time>
      </trkpt>
      <trkpt lat="45.45388" lon="4.77316">
        <ele>149</ele>
        <time>2026-05-24T20:32:08.602Z</time>
      </trkpt>
      <trkpt lat="45.45377" lon="4.77353">
        <ele>150</ele>
        <time>2026-05-24T20:32:13.602Z</time>
      </trkpt>
      <trkpt lat="45.45375" lon="4.77361">
        <ele>151</ele>
        <time>2026-05-24T20:32:14.602Z</time>
      </trkpt>
      <trkpt lat="45.45366" lon="4.77389">
        <ele>152</ele>
        <time>2026-05-24T20:32:18.602Z</time>
      </trkpt>
      <trkpt lat="45.45333" lon="4.77508">
        <ele>158</ele>
        <time>2026-05-24T20:32:34.602Z</time>
      </trkpt>
      <trkpt lat="45.45327" lon="4.77531">
        <ele>158</ele>
        <time>2026-05-24T20:32:37.602Z</time>
      </trkpt>
      <trkpt lat="45.45323" lon="4.77556">
        <ele>158</ele>
        <time>2026-05-24T20:32:40.602Z</time>
      </trkpt>
      <trkpt lat="45.45321" lon="4.77579">
        <ele>158</ele>
        <time>2026-05-24T20:32:43.602Z</time>
      </trkpt>
      <trkpt lat="45.45315" lon="4.77731">
        <ele>153</ele>
        <time>2026-05-24T20:33:02.602Z</time>
      </trkpt>
      <trkpt lat="45.45316" lon="4.77759">
        <ele>154</ele>
        <time>2026-05-24T20:33:05.602Z</time>
      </trkpt>
      <trkpt lat="45.45319" lon="4.77773">
        <ele>155</ele>
        <time>2026-05-24T20:33:07.602Z</time>
      </trkpt>
      <trkpt lat="45.45327" lon="4.778">
        <ele>155</ele>
        <time>2026-05-24T20:33:11.602Z</time>
      </trkpt>
      <trkpt lat="45.45352" lon="4.77858">
        <ele>156</ele>
        <time>2026-05-24T20:33:19.602Z</time>
      </trkpt>
      <trkpt lat="45.45359" lon="4.77869">
        <ele>155</ele>
        <time>2026-05-24T20:33:21.602Z</time>
      </trkpt>
      <trkpt lat="45.45392" lon="4.77903">
        <ele>151</ele>
        <time>2026-05-24T20:33:28.602Z</time>
      </trkpt>
      <trkpt lat="45.4541" lon="4.77937">
        <ele>149</ele>
        <time>2026-05-24T20:33:34.602Z</time>
      </trkpt>
      <trkpt lat="45.45464" lon="4.78034">
        <ele>151</ele>
        <time>2026-05-24T20:33:49.602Z</time>
      </trkpt>
      <trkpt lat="45.45493" lon="4.78104">
        <ele>152</ele>
        <time>2026-05-24T20:33:59.602Z</time>
      </trkpt>
      <trkpt lat="45.45521" lon="4.78177">
        <ele>155</ele>
        <time>2026-05-24T20:34:10.602Z</time>
      </trkpt>
      <trkpt lat="45.45534" lon="4.78206">
        <ele>156</ele>
        <time>2026-05-24T20:34:14.602Z</time>
      </trkpt>
      <trkpt lat="45.45587" lon="4.78291">
        <ele>151</ele>
        <time>2026-05-24T20:34:28.602Z</time>
      </trkpt>
      <trkpt lat="45.45616" lon="4.78333">
        <ele>153</ele>
        <time>2026-05-24T20:34:36.602Z</time>
      </trkpt>
      <trkpt lat="45.45648" lon="4.78376">
        <ele>152</ele>
        <time>2026-05-24T20:34:43.602Z</time>
      </trkpt>
      <trkpt lat="45.4565" lon="4.78378">
        <ele>152</ele>
        <time>2026-05-24T20:34:44.602Z</time>
      </trkpt>
      <trkpt lat="45.45695" lon="4.78431">
        <ele>151</ele>
        <time>2026-05-24T20:34:54.602Z</time>
      </trkpt>
      <trkpt lat="45.45721" lon="4.78454">
        <ele>152</ele>
        <time>2026-05-24T20:35:00.602Z</time>
      </trkpt>
      <trkpt lat="45.45747" lon="4.78476">
        <ele>153</ele>
        <time>2026-05-24T20:35:05.602Z</time>
      </trkpt>
      <trkpt lat="45.45789" lon="4.7851">
        <ele>155</ele>
        <time>2026-05-24T20:35:14.602Z</time>
      </trkpt>
      <trkpt lat="45.45807" lon="4.78527">
        <ele>156</ele>
        <time>2026-05-24T20:35:17.602Z</time>
      </trkpt>
      <trkpt lat="45.45853" lon="4.78563">
        <ele>157</ele>
        <time>2026-05-24T20:35:27.602Z</time>
      </trkpt>
      <trkpt lat="45.45916" lon="4.7861">
        <ele>158</ele>
        <time>2026-05-24T20:35:39.602Z</time>
      </trkpt>
      <trkpt lat="45.45914" lon="4.78616">
        <ele>159</ele>
        <time>2026-05-24T20:35:40.602Z</time>
      </trkpt>
      <trkpt lat="45.45837" lon="4.78557">
        <ele>157</ele>
        <time>2026-05-24T20:35:56.602Z</time>
      </trkpt>
      <trkpt lat="45.45786" lon="4.78514">
        <ele>156</ele>
        <time>2026-05-24T20:36:06.602Z</time>
      </trkpt>
      <trkpt lat="45.45694" lon="4.78434">
        <ele>151</ele>
        <time>2026-05-24T20:36:26.602Z</time>
      </trkpt>
      <trkpt lat="45.45684" lon="4.78452">
        <ele>155</ele>
        <time>2026-05-24T20:36:28.602Z</time>
      </trkpt>
      <trkpt lat="45.45679" lon="4.78462">
        <ele>157</ele>
        <time>2026-05-24T20:36:30.602Z</time>
      </trkpt>
      <trkpt lat="45.45671" lon="4.78473">
        <ele>159</ele>
        <time>2026-05-24T20:36:32.602Z</time>
      </trkpt>
      <trkpt lat="45.45664" lon="4.78477">
        <ele>161</ele>
        <time>2026-05-24T20:36:33.602Z</time>
      </trkpt>
      <trkpt lat="45.45658" lon="4.78479">
        <ele>162</ele>
        <time>2026-05-24T20:36:34.602Z</time>
      </trkpt>
      <trkpt lat="45.45645" lon="4.78478">
        <ele>165</ele>
        <time>2026-05-24T20:36:37.602Z</time>
      </trkpt>
      <trkpt lat="45.4563" lon="4.78474">
        <ele>167</ele>
        <time>2026-05-24T20:36:39.602Z</time>
      </trkpt>
      <trkpt lat="45.45588" lon="4.7846">
        <ele>172</ele>
        <time>2026-05-24T20:36:47.602Z</time>
      </trkpt>
      <trkpt lat="45.45582" lon="4.78459">
        <ele>173</ele>
        <time>2026-05-24T20:36:48.602Z</time>
      </trkpt>
      <trkpt lat="45.45576" lon="4.78456">
        <ele>174</ele>
        <time>2026-05-24T20:36:49.602Z</time>
      </trkpt>
      <trkpt lat="45.45574" lon="4.78453">
        <ele>174</ele>
        <time>2026-05-24T20:36:50.602Z</time>
      </trkpt>
      <trkpt lat="45.45572" lon="4.78447">
        <ele>173</ele>
        <time>2026-05-24T20:36:51.602Z</time>
      </trkpt>
      <trkpt lat="45.45569" lon="4.78417">
        <ele>168</ele>
        <time>2026-05-24T20:36:54.602Z</time>
      </trkpt>
      <trkpt lat="45.45569" lon="4.78413">
        <ele>168</ele>
        <time>2026-05-24T20:36:55.602Z</time>
      </trkpt>
      <trkpt lat="45.45554" lon="4.78392">
        <ele>170</ele>
        <time>2026-05-24T20:36:59.602Z</time>
      </trkpt>
      <trkpt lat="45.45533" lon="4.78387">
        <ele>175</ele>
        <time>2026-05-24T20:37:02.602Z</time>
      </trkpt>
      <trkpt lat="45.45516" lon="4.78373">
        <ele>178</ele>
        <time>2026-05-24T20:37:06.602Z</time>
      </trkpt>
      <trkpt lat="45.45504" lon="4.78333">
        <ele>177</ele>
        <time>2026-05-24T20:37:11.602Z</time>
      </trkpt>
      <trkpt lat="45.45487" lon="4.78302">
        <ele>178</ele>
        <time>2026-05-24T20:37:16.602Z</time>
      </trkpt>
      <trkpt lat="45.45459" lon="4.78235">
        <ele>178</ele>
        <time>2026-05-24T20:37:26.602Z</time>
      </trkpt>
      <trkpt lat="45.45448" lon="4.78217">
        <ele>178</ele>
        <time>2026-05-24T20:37:29.602Z</time>
      </trkpt>
      <trkpt lat="45.45443" lon="4.78213">
        <ele>179</ele>
        <time>2026-05-24T20:37:30.602Z</time>
      </trkpt>
      <trkpt lat="45.45441" lon="4.7821">
        <ele>179</ele>
        <time>2026-05-24T20:37:30.602Z</time>
      </trkpt>
      <trkpt lat="45.45364" lon="4.78111">
        <ele>179</ele>
        <time>2026-05-24T20:37:49.602Z</time>
      </trkpt>
      <trkpt lat="45.45357" lon="4.78101">
        <ele>180</ele>
        <time>2026-05-24T20:37:51.602Z</time>
      </trkpt>
      <trkpt lat="45.45351" lon="4.7809">
        <ele>179</ele>
        <time>2026-05-24T20:37:52.602Z</time>
      </trkpt>
      <trkpt lat="45.4535" lon="4.78087">
        <ele>179</ele>
        <time>2026-05-24T20:37:53.602Z</time>
      </trkpt>
      <trkpt lat="45.45349" lon="4.78082">
        <ele>179</ele>
        <time>2026-05-24T20:37:54.602Z</time>
      </trkpt>
      <trkpt lat="45.45348" lon="4.78049">
        <ele>176</ele>
        <time>2026-05-24T20:37:58.602Z</time>
      </trkpt>
      <trkpt lat="45.45347" lon="4.78043">
        <ele>176</ele>
        <time>2026-05-24T20:37:58.602Z</time>
      </trkpt>
      <trkpt lat="45.45346" lon="4.78035">
        <ele>176</ele>
        <time>2026-05-24T20:37:59.602Z</time>
      </trkpt>
      <trkpt lat="45.45335" lon="4.78002">
        <ele>176</ele>
        <time>2026-05-24T20:38:04.602Z</time>
      </trkpt>
      <trkpt lat="45.45305" lon="4.77928">
        <ele>177</ele>
        <time>2026-05-24T20:38:15.602Z</time>
      </trkpt>
      <trkpt lat="45.45302" lon="4.7792">
        <ele>177</ele>
        <time>2026-05-24T20:38:16.602Z</time>
      </trkpt>
      <trkpt lat="45.45298" lon="4.77904">
        <ele>177</ele>
        <time>2026-05-24T20:38:18.602Z</time>
      </trkpt>
      <trkpt lat="45.45296" lon="4.77875">
        <ele>174</ele>
        <time>2026-05-24T20:38:22.602Z</time>
      </trkpt>
      <trkpt lat="45.45294" lon="4.77862">
        <ele>173</ele>
        <time>2026-05-24T20:38:23.602Z</time>
      </trkpt>
      <trkpt lat="45.45287" lon="4.7784">
        <ele>172</ele>
        <time>2026-05-24T20:38:26.602Z</time>
      </trkpt>
      <trkpt lat="45.45279" lon="4.77822">
        <ele>173</ele>
        <time>2026-05-24T20:38:29.602Z</time>
      </trkpt>
      <trkpt lat="45.45272" lon="4.7781">
        <ele>174</ele>
        <time>2026-05-24T20:38:31.602Z</time>
      </trkpt>
      <trkpt lat="45.45266" lon="4.77803">
        <ele>175</ele>
        <time>2026-05-24T20:38:32.602Z</time>
      </trkpt>
      <trkpt lat="45.45246" lon="4.77788">
        <ele>179</ele>
        <time>2026-05-24T20:38:36.602Z</time>
      </trkpt>
      <trkpt lat="45.45231" lon="4.77779">
        <ele>181</ele>
        <time>2026-05-24T20:38:39.602Z</time>
      </trkpt>
      <trkpt lat="45.45225" lon="4.77775">
        <ele>183</ele>
        <time>2026-05-24T20:38:40.602Z</time>
      </trkpt>
      <trkpt lat="45.45222" lon="4.77771">
        <ele>183</ele>
        <time>2026-05-24T20:38:41.602Z</time>
      </trkpt>
      <trkpt lat="45.45222" lon="4.77767">
        <ele>183</ele>
        <time>2026-05-24T20:38:42.602Z</time>
      </trkpt>
      <trkpt lat="45.45223" lon="4.77764">
        <ele>182</ele>
        <time>2026-05-24T20:38:42.602Z</time>
      </trkpt>
      <trkpt lat="45.45237" lon="4.77739">
        <ele>176</ele>
        <time>2026-05-24T20:38:46.602Z</time>
      </trkpt>
      <trkpt lat="45.45239" lon="4.77734">
        <ele>175</ele>
        <time>2026-05-24T20:38:47.602Z</time>
      </trkpt>
      <trkpt lat="45.4524" lon="4.77722">
        <ele>175</ele>
        <time>2026-05-24T20:38:48.602Z</time>
      </trkpt>
      <trkpt lat="45.45236" lon="4.77659">
        <ele>176</ele>
        <time>2026-05-24T20:38:56.602Z</time>
      </trkpt>
      <trkpt lat="45.45229" lon="4.77611">
        <ele>178</ele>
        <time>2026-05-24T20:39:02.602Z</time>
      </trkpt>
      <trkpt lat="45.45221" lon="4.7755">
        <ele>180</ele>
        <time>2026-05-24T20:39:10.602Z</time>
      </trkpt>
      <trkpt lat="45.4522" lon="4.77514">
        <ele>179</ele>
        <time>2026-05-24T20:39:14.602Z</time>
      </trkpt>
      <trkpt lat="45.45215" lon="4.77475">
        <ele>180</ele>
        <time>2026-05-24T20:39:19.602Z</time>
      </trkpt>
      <trkpt lat="45.45215" lon="4.77442">
        <ele>180</ele>
        <time>2026-05-24T20:39:23.602Z</time>
      </trkpt>
      <trkpt lat="45.45217" lon="4.77415">
        <ele>179</ele>
        <time>2026-05-24T20:39:27.602Z</time>
      </trkpt>
      <trkpt lat="45.45225" lon="4.77368">
        <ele>177</ele>
        <time>2026-05-24T20:39:33.602Z</time>
      </trkpt>
      <trkpt lat="45.45233" lon="4.77329">
        <ele>174</ele>
        <time>2026-05-24T20:39:38.602Z</time>
      </trkpt>
      <trkpt lat="45.45239" lon="4.77305">
        <ele>171</ele>
        <time>2026-05-24T20:39:41.602Z</time>
      </trkpt>
      <trkpt lat="45.4524" lon="4.77297">
        <ele>170</ele>
        <time>2026-05-24T20:39:42.602Z</time>
      </trkpt>
      <trkpt lat="45.45235" lon="4.77245">
        <ele>168</ele>
        <time>2026-05-24T20:39:49.602Z</time>
      </trkpt>
      <trkpt lat="45.45245" lon="4.77233">
        <ele>164</ele>
        <time>2026-05-24T20:39:51.602Z</time>
      </trkpt>
      <trkpt lat="45.45245" lon="4.77232">
        <ele>164</ele>
        <time>2026-05-24T20:39:51.602Z</time>
      </trkpt>
      <trkpt lat="45.45217" lon="4.77191">
        <ele>165</ele>
        <time>2026-05-24T20:39:58.602Z</time>
      </trkpt>
      <trkpt lat="45.45259" lon="4.77145">
        <ele>155</ele>
        <time>2026-05-24T20:40:08.602Z</time>
      </trkpt>
      <trkpt lat="45.45276" lon="4.77125">
        <ele>155</ele>
        <time>2026-05-24T20:40:12.602Z</time>
      </trkpt>
      <trkpt lat="45.453" lon="4.771">
        <ele>154</ele>
        <time>2026-05-24T20:40:17.602Z</time>
      </trkpt>
      <trkpt lat="45.45373" lon="4.77022">
        <ele>155</ele>
        <time>2026-05-24T20:40:33.602Z</time>
      </trkpt>
      <trkpt lat="45.45387" lon="4.77006">
        <ele>155</ele>
        <time>2026-05-24T20:40:36.602Z</time>
      </trkpt>
      <trkpt lat="45.45397" lon="4.76994">
        <ele>155</ele>
        <time>2026-05-24T20:40:39.602Z</time>
      </trkpt>
      <trkpt lat="45.45411" lon="4.7696">
        <ele>155</ele>
        <time>2026-05-24T20:40:44.602Z</time>
      </trkpt>
      <trkpt lat="45.45414" lon="4.76943">
        <ele>155</ele>
        <time>2026-05-24T20:40:46.602Z</time>
      </trkpt>
      <trkpt lat="45.45422" lon="4.76887">
        <ele>154</ele>
        <time>2026-05-24T20:40:53.602Z</time>
      </trkpt>
      <trkpt lat="45.45423" lon="4.76878">
        <ele>154</ele>
        <time>2026-05-24T20:40:54.602Z</time>
      </trkpt>
      <trkpt lat="45.45431" lon="4.76817">
        <ele>152</ele>
        <time>2026-05-24T20:41:02.602Z</time>
      </trkpt>
      <trkpt lat="45.45508" lon="4.7684">
        <ele>153</ele>
        <time>2026-05-24T20:41:16.602Z</time>
      </trkpt>
      <trkpt lat="45.45524" lon="4.76845">
        <ele>152</ele>
        <time>2026-05-24T20:41:19.602Z</time>
      </trkpt>
      <trkpt lat="45.45558" lon="4.76857">
        <ele>150</ele>
        <time>2026-05-24T20:41:25.602Z</time>
      </trkpt>
      <trkpt lat="45.45574" lon="4.76863">
        <ele>149</ele>
        <time>2026-05-24T20:41:28.602Z</time>
      </trkpt>
      <trkpt lat="45.45588" lon="4.76865">
        <ele>148</ele>
        <time>2026-05-24T20:41:30.602Z</time>
      </trkpt>
      <trkpt lat="45.4559" lon="4.7687">
        <ele>148</ele>
        <time>2026-05-24T20:41:31.602Z</time>
      </trkpt>
      <trkpt lat="45.45592" lon="4.76878">
        <ele>148</ele>
        <time>2026-05-24T20:41:32.602Z</time>
      </trkpt>
      <trkpt lat="45.45593" lon="4.76886">
        <ele>148</ele>
        <time>2026-05-24T20:41:33.602Z</time>
      </trkpt>
      <trkpt lat="45.45592" lon="4.76898">
        <ele>148</ele>
        <time>2026-05-24T20:41:35.602Z</time>
      </trkpt>
      <trkpt lat="45.45591" lon="4.76907">
        <ele>148</ele>
        <time>2026-05-24T20:41:36.602Z</time>
      </trkpt>
      <trkpt lat="45.45581" lon="4.76955">
        <ele>148</ele>
        <time>2026-05-24T20:41:42.602Z</time>
      </trkpt>
      <trkpt lat="45.45573" lon="4.76999">
        <ele>148</ele>
        <time>2026-05-24T20:41:48.602Z</time>
      </trkpt>
      <trkpt lat="45.45569" lon="4.77011">
        <ele>148</ele>
        <time>2026-05-24T20:41:49.602Z</time>
      </trkpt>
      <trkpt lat="45.45566" lon="4.77016">
        <ele>148</ele>
        <time>2026-05-24T20:41:50.602Z</time>
      </trkpt>
      <trkpt lat="45.45563" lon="4.7702">
        <ele>148</ele>
        <time>2026-05-24T20:41:51.602Z</time>
      </trkpt>
      <trkpt lat="45.45557" lon="4.77024">
        <ele>148</ele>
        <time>2026-05-24T20:41:52.602Z</time>
      </trkpt>
      <trkpt lat="45.45546" lon="4.77025">
        <ele>149</ele>
        <time>2026-05-24T20:41:54.602Z</time>
      </trkpt>
      <trkpt lat="45.45538" lon="4.77024">
        <ele>150</ele>
        <time>2026-05-24T20:41:56.602Z</time>
      </trkpt>
      <trkpt lat="45.45528" lon="4.7702">
        <ele>151</ele>
        <time>2026-05-24T20:41:58.494Z</time>
      </trkpt>
      <trkpt lat="45.45528" lon="4.7702">
        <ele>153.40484074464717</ele>
        <time>2026-05-24T20:41:58.494Z</time>
      </trkpt>
      <trkpt lat="45.455059523653446" lon="4.770758681789368">
        <ele>149.68930528144526</ele>
        <time>2026-05-24T20:42:06.685Z</time>
      </trkpt>
      <trkpt lat="45.45483904730689" lon="4.771317363578735">
        <ele>147.51898984299044</ele>
        <time>2026-05-24T20:42:14.876Z</time>
      </trkpt>
      <trkpt lat="45.454618570960335" lon="4.771876045368103">
        <ele>146.17393260455256</ele>
        <time>2026-05-24T20:42:23.067Z</time>
      </trkpt>
      <trkpt lat="45.454591686069534" lon="4.771944171038427">
        <ele>145.94651457369338</ele>
        <time>2026-05-24T20:42:24.065Z</time>
      </trkpt>
      <trkpt lat="45.45459" lon="4.77195">
        <ele>147</ele>
        <time>2026-05-24T20:42:24.144Z</time>
      </trkpt>
      <trkpt lat="45.4545" lon="4.77213">
        <ele>147</ele>
        <time>2026-05-24T20:42:27.144Z</time>
      </trkpt>
      <trkpt lat="45.45432" lon="4.77242">
        <ele>146</ele>
        <time>2026-05-24T20:42:32.144Z</time>
      </trkpt>
      <trkpt lat="45.45424" lon="4.77253">
        <ele>146</ele>
        <time>2026-05-24T20:42:34.144Z</time>
      </trkpt>
      <trkpt lat="45.45418" lon="4.77263">
        <ele>146</ele>
        <time>2026-05-24T20:42:35.144Z</time>
      </trkpt>
      <trkpt lat="45.45405" lon="4.77283">
        <ele>147</ele>
        <time>2026-05-24T20:42:39.144Z</time>
      </trkpt>
      <trkpt lat="45.45398" lon="4.77296">
        <ele>148</ele>
        <time>2026-05-24T20:42:41.144Z</time>
      </trkpt>
      <trkpt lat="45.45391" lon="4.77307">
        <ele>149</ele>
        <time>2026-05-24T20:42:43.144Z</time>
      </trkpt>
      <trkpt lat="45.45388" lon="4.77316">
        <ele>149</ele>
        <time>2026-05-24T20:42:44.144Z</time>
      </trkpt>
      <trkpt lat="45.45377" lon="4.77353">
        <ele>150</ele>
        <time>2026-05-24T20:42:49.144Z</time>
      </trkpt>
      <trkpt lat="45.45375" lon="4.77361">
        <ele>151</ele>
        <time>2026-05-24T20:42:50.144Z</time>
      </trkpt>
      <trkpt lat="45.45366" lon="4.77389">
        <ele>152</ele>
        <time>2026-05-24T20:42:54.144Z</time>
      </trkpt>
      <trkpt lat="45.45333" lon="4.77508">
        <ele>158</ele>
        <time>2026-05-24T20:43:10.144Z</time>
      </trkpt>
      <trkpt lat="45.45327" lon="4.77531">
        <ele>158</ele>
        <time>2026-05-24T20:43:13.144Z</time>
      </trkpt>
      <trkpt lat="45.45323" lon="4.77556">
        <ele>158</ele>
        <time>2026-05-24T20:43:16.144Z</time>
      </trkpt>
      <trkpt lat="45.45321" lon="4.77579">
        <ele>158</ele>
        <time>2026-05-24T20:43:19.144Z</time>
      </trkpt>
      <trkpt lat="45.45315" lon="4.77731">
        <ele>153</ele>
        <time>2026-05-24T20:43:38.144Z</time>
      </trkpt>
      <trkpt lat="45.45316" lon="4.77759">
        <ele>154</ele>
        <time>2026-05-24T20:43:41.144Z</time>
      </trkpt>
      <trkpt lat="45.45319" lon="4.77773">
        <ele>155</ele>
        <time>2026-05-24T20:43:43.144Z</time>
      </trkpt>
      <trkpt lat="45.45327" lon="4.778">
        <ele>155</ele>
        <time>2026-05-24T20:43:47.144Z</time>
      </trkpt>
      <trkpt lat="45.45352" lon="4.77858">
        <ele>156</ele>
        <time>2026-05-24T20:43:55.144Z</time>
      </trkpt>
      <trkpt lat="45.45359" lon="4.77869">
        <ele>155</ele>
        <time>2026-05-24T20:43:57.144Z</time>
      </trkpt>
      <trkpt lat="45.45392" lon="4.77903">
        <ele>151</ele>
        <time>2026-05-24T20:44:04.144Z</time>
      </trkpt>
      <trkpt lat="45.4541" lon="4.77937">
        <ele>149</ele>
        <time>2026-05-24T20:44:10.144Z</time>
      </trkpt>
      <trkpt lat="45.45464" lon="4.78034">
        <ele>151</ele>
        <time>2026-05-24T20:44:25.144Z</time>
      </trkpt>
      <trkpt lat="45.45493" lon="4.78104">
        <ele>152</ele>
        <time>2026-05-24T20:44:35.144Z</time>
      </trkpt>
      <trkpt lat="45.45521" lon="4.78177">
        <ele>155</ele>
        <time>2026-05-24T20:44:46.144Z</time>
      </trkpt>
      <trkpt lat="45.45534" lon="4.78206">
        <ele>156</ele>
        <time>2026-05-24T20:44:50.144Z</time>
      </trkpt>
      <trkpt lat="45.45587" lon="4.78291">
        <ele>151</ele>
        <time>2026-05-24T20:45:04.144Z</time>
      </trkpt>
      <trkpt lat="45.45616" lon="4.78333">
        <ele>153</ele>
        <time>2026-05-24T20:45:12.144Z</time>
      </trkpt>
      <trkpt lat="45.45648" lon="4.78376">
        <ele>152</ele>
        <time>2026-05-24T20:45:19.144Z</time>
      </trkpt>
      <trkpt lat="45.4565" lon="4.78378">
        <ele>152</ele>
        <time>2026-05-24T20:45:20.144Z</time>
      </trkpt>
      <trkpt lat="45.45695" lon="4.78431">
        <ele>151</ele>
        <time>2026-05-24T20:45:30.144Z</time>
      </trkpt>
      <trkpt lat="45.45721" lon="4.78454">
        <ele>152</ele>
        <time>2026-05-24T20:45:36.144Z</time>
      </trkpt>
      <trkpt lat="45.45747" lon="4.78476">
        <ele>153</ele>
        <time>2026-05-24T20:45:41.144Z</time>
      </trkpt>
      <trkpt lat="45.45789" lon="4.7851">
        <ele>155</ele>
        <time>2026-05-24T20:45:50.144Z</time>
      </trkpt>
      <trkpt lat="45.45807" lon="4.78527">
        <ele>156</ele>
        <time>2026-05-24T20:45:53.144Z</time>
      </trkpt>
      <trkpt lat="45.45853" lon="4.78563">
        <ele>157</ele>
        <time>2026-05-24T20:46:03.144Z</time>
      </trkpt>
      <trkpt lat="45.45916" lon="4.7861">
        <ele>158</ele>
        <time>2026-05-24T20:46:15.144Z</time>
      </trkpt>
      <trkpt lat="45.45914" lon="4.78616">
        <ele>159</ele>
        <time>2026-05-24T20:46:16.144Z</time>
      </trkpt>
      <trkpt lat="45.45837" lon="4.78557">
        <ele>157</ele>
        <time>2026-05-24T20:46:32.144Z</time>
      </trkpt>
      <trkpt lat="45.45786" lon="4.78514">
        <ele>156</ele>
        <time>2026-05-24T20:46:42.144Z</time>
      </trkpt>
      <trkpt lat="45.45694" lon="4.78434">
        <ele>151</ele>
        <time>2026-05-24T20:47:02.144Z</time>
      </trkpt>
      <trkpt lat="45.45684" lon="4.78452">
        <ele>155</ele>
        <time>2026-05-24T20:47:04.144Z</time>
      </trkpt>
      <trkpt lat="45.45679" lon="4.78462">
        <ele>157</ele>
        <time>2026-05-24T20:47:06.144Z</time>
      </trkpt>
      <trkpt lat="45.45671" lon="4.78473">
        <ele>159</ele>
        <time>2026-05-24T20:47:08.144Z</time>
      </trkpt>
      <trkpt lat="45.45664" lon="4.78477">
        <ele>161</ele>
        <time>2026-05-24T20:47:09.144Z</time>
      </trkpt>
      <trkpt lat="45.45658" lon="4.78479">
        <ele>162</ele>
        <time>2026-05-24T20:47:10.144Z</time>
      </trkpt>
      <trkpt lat="45.45645" lon="4.78478">
        <ele>165</ele>
        <time>2026-05-24T20:47:13.144Z</time>
      </trkpt>
      <trkpt lat="45.4563" lon="4.78474">
        <ele>167</ele>
        <time>2026-05-24T20:47:15.144Z</time>
      </trkpt>
      <trkpt lat="45.45588" lon="4.7846">
        <ele>172</ele>
        <time>2026-05-24T20:47:23.144Z</time>
      </trkpt>
      <trkpt lat="45.45582" lon="4.78459">
        <ele>173</ele>
        <time>2026-05-24T20:47:24.144Z</time>
      </trkpt>
      <trkpt lat="45.45576" lon="4.78456">
        <ele>174</ele>
        <time>2026-05-24T20:47:25.144Z</time>
      </trkpt>
      <trkpt lat="45.45574" lon="4.78453">
        <ele>174</ele>
        <time>2026-05-24T20:47:26.144Z</time>
      </trkpt>
      <trkpt lat="45.45572" lon="4.78447">
        <ele>173</ele>
        <time>2026-05-24T20:47:27.144Z</time>
      </trkpt>
      <trkpt lat="45.45569" lon="4.78417">
        <ele>168</ele>
        <time>2026-05-24T20:47:30.144Z</time>
      </trkpt>
      <trkpt lat="45.45569" lon="4.78413">
        <ele>168</ele>
        <time>2026-05-24T20:47:31.144Z</time>
      </trkpt>
      <trkpt lat="45.45554" lon="4.78392">
        <ele>170</ele>
        <time>2026-05-24T20:47:35.144Z</time>
      </trkpt>
      <trkpt lat="45.45533" lon="4.78387">
        <ele>175</ele>
        <time>2026-05-24T20:47:38.144Z</time>
      </trkpt>
      <trkpt lat="45.45516" lon="4.78373">
        <ele>178</ele>
        <time>2026-05-24T20:47:42.144Z</time>
      </trkpt>
      <trkpt lat="45.45504" lon="4.78333">
        <ele>177</ele>
        <time>2026-05-24T20:47:47.144Z</time>
      </trkpt>
      <trkpt lat="45.45487" lon="4.78302">
        <ele>178</ele>
        <time>2026-05-24T20:47:52.144Z</time>
      </trkpt>
      <trkpt lat="45.45459" lon="4.78235">
        <ele>178</ele>
        <time>2026-05-24T20:48:02.144Z</time>
      </trkpt>
      <trkpt lat="45.45448" lon="4.78217">
        <ele>178</ele>
        <time>2026-05-24T20:48:05.144Z</time>
      </trkpt>
      <trkpt lat="45.45443" lon="4.78213">
        <ele>179</ele>
        <time>2026-05-24T20:48:06.144Z</time>
      </trkpt>
      <trkpt lat="45.45441" lon="4.7821">
        <ele>179</ele>
        <time>2026-05-24T20:48:06.144Z</time>
      </trkpt>
      <trkpt lat="45.45364" lon="4.78111">
        <ele>179</ele>
        <time>2026-05-24T20:48:25.144Z</time>
      </trkpt>
      <trkpt lat="45.45357" lon="4.78101">
        <ele>180</ele>
        <time>2026-05-24T20:48:27.144Z</time>
      </trkpt>
      <trkpt lat="45.45351" lon="4.7809">
        <ele>179</ele>
        <time>2026-05-24T20:48:28.144Z</time>
      </trkpt>
      <trkpt lat="45.4535" lon="4.78087">
        <ele>179</ele>
        <time>2026-05-24T20:48:29.144Z</time>
      </trkpt>
      <trkpt lat="45.45349" lon="4.78082">
        <ele>179</ele>
        <time>2026-05-24T20:48:30.144Z</time>
      </trkpt>
      <trkpt lat="45.45348" lon="4.78049">
        <ele>176</ele>
        <time>2026-05-24T20:48:34.144Z</time>
      </trkpt>
      <trkpt lat="45.45347" lon="4.78043">
        <ele>176</ele>
        <time>2026-05-24T20:48:34.144Z</time>
      </trkpt>
      <trkpt lat="45.45346" lon="4.78035">
        <ele>176</ele>
        <time>2026-05-24T20:48:35.144Z</time>
      </trkpt>
      <trkpt lat="45.45335" lon="4.78002">
        <ele>176</ele>
        <time>2026-05-24T20:48:40.144Z</time>
      </trkpt>
      <trkpt lat="45.45305" lon="4.77928">
        <ele>177</ele>
        <time>2026-05-24T20:48:51.144Z</time>
      </trkpt>
      <trkpt lat="45.45302" lon="4.7792">
        <ele>177</ele>
        <time>2026-05-24T20:48:52.144Z</time>
      </trkpt>
      <trkpt lat="45.45298" lon="4.77904">
        <ele>177</ele>
        <time>2026-05-24T20:48:54.144Z</time>
      </trkpt>
      <trkpt lat="45.45296" lon="4.77875">
        <ele>174</ele>
        <time>2026-05-24T20:48:58.144Z</time>
      </trkpt>
      <trkpt lat="45.45294" lon="4.77862">
        <ele>173</ele>
        <time>2026-05-24T20:48:59.144Z</time>
      </trkpt>
      <trkpt lat="45.45287" lon="4.7784">
        <ele>172</ele>
        <time>2026-05-24T20:49:02.144Z</time>
      </trkpt>
      <trkpt lat="45.45279" lon="4.77822">
        <ele>173</ele>
        <time>2026-05-24T20:49:05.144Z</time>
      </trkpt>
      <trkpt lat="45.45272" lon="4.7781">
        <ele>174</ele>
        <time>2026-05-24T20:49:07.144Z</time>
      </trkpt>
      <trkpt lat="45.45266" lon="4.77803">
        <ele>175</ele>
        <time>2026-05-24T20:49:08.144Z</time>
      </trkpt>
      <trkpt lat="45.45246" lon="4.77788">
        <ele>179</ele>
        <time>2026-05-24T20:49:12.144Z</time>
      </trkpt>
      <trkpt lat="45.45231" lon="4.77779">
        <ele>181</ele>
        <time>2026-05-24T20:49:15.144Z</time>
      </trkpt>
      <trkpt lat="45.45225" lon="4.77775">
        <ele>183</ele>
        <time>2026-05-24T20:49:16.144Z</time>
      </trkpt>
      <trkpt lat="45.45222" lon="4.77771">
        <ele>183</ele>
        <time>2026-05-24T20:49:17.144Z</time>
      </trkpt>
      <trkpt lat="45.45222" lon="4.77767">
        <ele>183</ele>
        <time>2026-05-24T20:49:18.144Z</time>
      </trkpt>
      <trkpt lat="45.45223" lon="4.77764">
        <ele>182</ele>
        <time>2026-05-24T20:49:18.144Z</time>
      </trkpt>
      <trkpt lat="45.45237" lon="4.77739">
        <ele>176</ele>
        <time>2026-05-24T20:49:22.144Z</time>
      </trkpt>
      <trkpt lat="45.45239" lon="4.77734">
        <ele>175</ele>
        <time>2026-05-24T20:49:23.144Z</time>
      </trkpt>
      <trkpt lat="45.4524" lon="4.77722">
        <ele>175</ele>
        <time>2026-05-24T20:49:24.144Z</time>
      </trkpt>
      <trkpt lat="45.45236" lon="4.77659">
        <ele>176</ele>
        <time>2026-05-24T20:49:32.144Z</time>
      </trkpt>
      <trkpt lat="45.45229" lon="4.77611">
        <ele>178</ele>
        <time>2026-05-24T20:49:38.144Z</time>
      </trkpt>
      <trkpt lat="45.45221" lon="4.7755">
        <ele>180</ele>
        <time>2026-05-24T20:49:46.144Z</time>
      </trkpt>
      <trkpt lat="45.4522" lon="4.77514">
        <ele>179</ele>
        <time>2026-05-24T20:49:50.144Z</time>
      </trkpt>
      <trkpt lat="45.45215" lon="4.77475">
        <ele>180</ele>
        <time>2026-05-24T20:49:55.144Z</time>
      </trkpt>
      <trkpt lat="45.45215" lon="4.77442">
        <ele>180</ele>
        <time>2026-05-24T20:49:59.144Z</time>
      </trkpt>
      <trkpt lat="45.45217" lon="4.77415">
        <ele>179</ele>
        <time>2026-05-24T20:50:03.144Z</time>
      </trkpt>
      <trkpt lat="45.45225" lon="4.77368">
        <ele>177</ele>
        <time>2026-05-24T20:50:09.144Z</time>
      </trkpt>
      <trkpt lat="45.45233" lon="4.77329">
        <ele>174</ele>
        <time>2026-05-24T20:50:14.144Z</time>
      </trkpt>
      <trkpt lat="45.45239" lon="4.77305">
        <ele>171</ele>
        <time>2026-05-24T20:50:17.144Z</time>
      </trkpt>
      <trkpt lat="45.4524" lon="4.77297">
        <ele>170</ele>
        <time>2026-05-24T20:50:18.144Z</time>
      </trkpt>
      <trkpt lat="45.45235" lon="4.77245">
        <ele>168</ele>
        <time>2026-05-24T20:50:25.144Z</time>
      </trkpt>
      <trkpt lat="45.45245" lon="4.77233">
        <ele>164</ele>
        <time>2026-05-24T20:50:27.144Z</time>
      </trkpt>
      <trkpt lat="45.45245" lon="4.77232">
        <ele>164</ele>
        <time>2026-05-24T20:50:27.144Z</time>
      </trkpt>
      <trkpt lat="45.45217" lon="4.77191">
        <ele>165</ele>
        <time>2026-05-24T20:50:34.144Z</time>
      </trkpt>
      <trkpt lat="45.45259" lon="4.77145">
        <ele>155</ele>
        <time>2026-05-24T20:50:44.144Z</time>
      </trkpt>
      <trkpt lat="45.45276" lon="4.77125">
        <ele>155</ele>
        <time>2026-05-24T20:50:48.144Z</time>
      </trkpt>
      <trkpt lat="45.453" lon="4.771">
        <ele>154</ele>
        <time>2026-05-24T20:50:53.144Z</time>
      </trkpt>
      <trkpt lat="45.45373" lon="4.77022">
        <ele>155</ele>
        <time>2026-05-24T20:51:09.144Z</time>
      </trkpt>
      <trkpt lat="45.45387" lon="4.77006">
        <ele>155</ele>
        <time>2026-05-24T20:51:12.144Z</time>
      </trkpt>
      <trkpt lat="45.45397" lon="4.76994">
        <ele>155</ele>
        <time>2026-05-24T20:51:15.144Z</time>
      </trkpt>
      <trkpt lat="45.45411" lon="4.7696">
        <ele>155</ele>
        <time>2026-05-24T20:51:20.144Z</time>
      </trkpt>
      <trkpt lat="45.45414" lon="4.76943">
        <ele>155</ele>
        <time>2026-05-24T20:51:22.144Z</time>
      </trkpt>
      <trkpt lat="45.45422" lon="4.76887">
        <ele>154</ele>
        <time>2026-05-24T20:51:29.144Z</time>
      </trkpt>
      <trkpt lat="45.45423" lon="4.76878">
        <ele>154</ele>
        <time>2026-05-24T20:51:30.144Z</time>
      </trkpt>
      <trkpt lat="45.45431" lon="4.76817">
        <ele>152</ele>
        <time>2026-05-24T20:51:38.144Z</time>
      </trkpt>
      <trkpt lat="45.45508" lon="4.7684">
        <ele>153</ele>
        <time>2026-05-24T20:51:52.144Z</time>
      </trkpt>
      <trkpt lat="45.45524" lon="4.76845">
        <ele>152</ele>
        <time>2026-05-24T20:51:55.144Z</time>
      </trkpt>
      <trkpt lat="45.45558" lon="4.76857">
        <ele>150</ele>
        <time>2026-05-24T20:52:01.144Z</time>
      </trkpt>
      <trkpt lat="45.45574" lon="4.76863">
        <ele>149</ele>
        <time>2026-05-24T20:52:04.144Z</time>
      </trkpt>
      <trkpt lat="45.45588" lon="4.76865">
        <ele>148</ele>
        <time>2026-05-24T20:52:06.144Z</time>
      </trkpt>
      <trkpt lat="45.4559" lon="4.7687">
        <ele>148</ele>
        <time>2026-05-24T20:52:07.144Z</time>
      </trkpt>
      <trkpt lat="45.45592" lon="4.76878">
        <ele>148</ele>
        <time>2026-05-24T20:52:08.144Z</time>
      </trkpt>
      <trkpt lat="45.45593" lon="4.76886">
        <ele>148</ele>
        <time>2026-05-24T20:52:09.144Z</time>
      </trkpt>
      <trkpt lat="45.45592" lon="4.76898">
        <ele>148</ele>
        <time>2026-05-24T20:52:11.144Z</time>
      </trkpt>
      <trkpt lat="45.45591" lon="4.76907">
        <ele>148</ele>
        <time>2026-05-24T20:52:12.144Z</time>
      </trkpt>
      <trkpt lat="45.45581" lon="4.76955">
        <ele>148</ele>
        <time>2026-05-24T20:52:18.144Z</time>
      </trkpt>
      <trkpt lat="45.45573" lon="4.76999">
        <ele>148</ele>
        <time>2026-05-24T20:52:24.144Z</time>
      </trkpt>
      <trkpt lat="45.45569" lon="4.77011">
        <ele>148</ele>
        <time>2026-05-24T20:52:25.144Z</time>
      </trkpt>
      <trkpt lat="45.45566" lon="4.77016">
        <ele>148</ele>
        <time>2026-05-24T20:52:26.144Z</time>
      </trkpt>
      <trkpt lat="45.45563" lon="4.7702">
        <ele>148</ele>
        <time>2026-05-24T20:52:27.144Z</time>
      </trkpt>
      <trkpt lat="45.45557" lon="4.77024">
        <ele>148</ele>
        <time>2026-05-24T20:52:28.144Z</time>
      </trkpt>
      <trkpt lat="45.45546" lon="4.77025">
        <ele>149</ele>
        <time>2026-05-24T20:52:30.144Z</time>
      </trkpt>
      <trkpt lat="45.45538" lon="4.77024">
        <ele>150</ele>
        <time>2026-05-24T20:52:32.144Z</time>
      </trkpt>
      <trkpt lat="45.45528" lon="4.7702">
        <ele>151</ele>
        <time>2026-05-24T20:52:34.036Z</time>
      </trkpt>
      <trkpt lat="45.45528" lon="4.7702">
        <ele>153.40484074464717</ele>
        <time>2026-05-24T20:52:34.036Z</time>
      </trkpt>
      <trkpt lat="45.455059612051414" lon="4.770758752671855">
        <ele>149.68718731349406</ele>
        <time>2026-05-24T20:52:42.227Z</time>
      </trkpt>
      <trkpt lat="45.45483922410282" lon="4.771317505343711">
        <ele>147.51698942994705</ele>
        <time>2026-05-24T20:52:50.418Z</time>
      </trkpt>
      <trkpt lat="45.45461883615423" lon="4.771876258015567">
        <ele>146.1723418417675</ele>
        <time>2026-05-24T20:52:58.609Z</time>
      </trkpt>
      <trkpt lat="45.454592742043786" lon="4.771942414781506">
        <ele>145.95075682210748</ele>
        <time>2026-05-24T20:52:59.578Z</time>
      </trkpt>
      <trkpt lat="45.45459" lon="4.77195">
        <ele>147</ele>
        <time>2026-05-24T20:52:59.686Z</time>
      </trkpt>
      <trkpt lat="45.4545" lon="4.77213">
        <ele>147</ele>
        <time>2026-05-24T20:53:02.686Z</time>
      </trkpt>
      <trkpt lat="45.45432" lon="4.77242">
        <ele>146</ele>
        <time>2026-05-24T20:53:07.686Z</time>
      </trkpt>
      <trkpt lat="45.45424" lon="4.77253">
        <ele>146</ele>
        <time>2026-05-24T20:53:09.686Z</time>
      </trkpt>
      <trkpt lat="45.45418" lon="4.77263">
        <ele>146</ele>
        <time>2026-05-24T20:53:10.686Z</time>
      </trkpt>
      <trkpt lat="45.45405" lon="4.77283">
        <ele>147</ele>
        <time>2026-05-24T20:53:14.686Z</time>
      </trkpt>
      <trkpt lat="45.45398" lon="4.77296">
        <ele>148</ele>
        <time>2026-05-24T20:53:16.686Z</time>
      </trkpt>
      <trkpt lat="45.45391" lon="4.77307">
        <ele>149</ele>
        <time>2026-05-24T20:53:18.686Z</time>
      </trkpt>
      <trkpt lat="45.45388" lon="4.77316">
        <ele>149</ele>
        <time>2026-05-24T20:53:19.686Z</time>
      </trkpt>
      <trkpt lat="45.45377" lon="4.77353">
        <ele>150</ele>
        <time>2026-05-24T20:53:24.686Z</time>
      </trkpt>
      <trkpt lat="45.45375" lon="4.77361">
        <ele>151</ele>
        <time>2026-05-24T20:53:25.686Z</time>
      </trkpt>
      <trkpt lat="45.45366" lon="4.77389">
        <ele>152</ele>
        <time>2026-05-24T20:53:29.686Z</time>
      </trkpt>
      <trkpt lat="45.45333" lon="4.77508">
        <ele>158</ele>
        <time>2026-05-24T20:53:45.686Z</time>
      </trkpt>
      <trkpt lat="45.45327" lon="4.77531">
        <ele>158</ele>
        <time>2026-05-24T20:53:48.686Z</time>
      </trkpt>
      <trkpt lat="45.45323" lon="4.77556">
        <ele>158</ele>
        <time>2026-05-24T20:53:51.686Z</time>
      </trkpt>
      <trkpt lat="45.45321" lon="4.77579">
        <ele>158</ele>
        <time>2026-05-24T20:53:54.686Z</time>
      </trkpt>
      <trkpt lat="45.45315" lon="4.77731">
        <ele>153</ele>
        <time>2026-05-24T20:54:13.686Z</time>
      </trkpt>
      <trkpt lat="45.45316" lon="4.77759">
        <ele>154</ele>
        <time>2026-05-24T20:54:16.686Z</time>
      </trkpt>
      <trkpt lat="45.45319" lon="4.77773">
        <ele>155</ele>
        <time>2026-05-24T20:54:18.686Z</time>
      </trkpt>
      <trkpt lat="45.45327" lon="4.778">
        <ele>155</ele>
        <time>2026-05-24T20:54:22.686Z</time>
      </trkpt>
      <trkpt lat="45.45352" lon="4.77858">
        <ele>156</ele>
        <time>2026-05-24T20:54:30.686Z</time>
      </trkpt>
      <trkpt lat="45.45359" lon="4.77869">
        <ele>155</ele>
        <time>2026-05-24T20:54:32.686Z</time>
      </trkpt>
      <trkpt lat="45.45392" lon="4.77903">
        <ele>151</ele>
        <time>2026-05-24T20:54:39.686Z</time>
      </trkpt>
      <trkpt lat="45.4541" lon="4.77937">
        <ele>149</ele>
        <time>2026-05-24T20:54:45.686Z</time>
      </trkpt>
      <trkpt lat="45.45464" lon="4.78034">
        <ele>151</ele>
        <time>2026-05-24T20:55:00.686Z</time>
      </trkpt>
      <trkpt lat="45.45493" lon="4.78104">
        <ele>152</ele>
        <time>2026-05-24T20:55:10.686Z</time>
      </trkpt>
      <trkpt lat="45.45521" lon="4.78177">
        <ele>155</ele>
        <time>2026-05-24T20:55:21.686Z</time>
      </trkpt>
      <trkpt lat="45.45534" lon="4.78206">
        <ele>156</ele>
        <time>2026-05-24T20:55:25.686Z</time>
      </trkpt>
      <trkpt lat="45.45587" lon="4.78291">
        <ele>151</ele>
        <time>2026-05-24T20:55:39.686Z</time>
      </trkpt>
      <trkpt lat="45.45616" lon="4.78333">
        <ele>153</ele>
        <time>2026-05-24T20:55:47.686Z</time>
      </trkpt>
      <trkpt lat="45.45648" lon="4.78376">
        <ele>152</ele>
        <time>2026-05-24T20:55:54.686Z</time>
      </trkpt>
      <trkpt lat="45.4565" lon="4.78378">
        <ele>152</ele>
        <time>2026-05-24T20:55:55.686Z</time>
      </trkpt>
      <trkpt lat="45.45695" lon="4.78431">
        <ele>151</ele>
        <time>2026-05-24T20:56:05.686Z</time>
      </trkpt>
      <trkpt lat="45.45721" lon="4.78454">
        <ele>152</ele>
        <time>2026-05-24T20:56:11.686Z</time>
      </trkpt>
      <trkpt lat="45.45747" lon="4.78476">
        <ele>153</ele>
        <time>2026-05-24T20:56:16.686Z</time>
      </trkpt>
      <trkpt lat="45.45789" lon="4.7851">
        <ele>155</ele>
        <time>2026-05-24T20:56:25.686Z</time>
      </trkpt>
      <trkpt lat="45.45807" lon="4.78527">
        <ele>156</ele>
        <time>2026-05-24T20:56:28.686Z</time>
      </trkpt>
      <trkpt lat="45.45853" lon="4.78563">
        <ele>157</ele>
        <time>2026-05-24T20:56:38.686Z</time>
      </trkpt>
      <trkpt lat="45.45916" lon="4.7861">
        <ele>158</ele>
        <time>2026-05-24T20:56:50.686Z</time>
      </trkpt>
      <trkpt lat="45.45914" lon="4.78616">
        <ele>159</ele>
        <time>2026-05-24T20:56:51.686Z</time>
      </trkpt>
      <trkpt lat="45.45837" lon="4.78557">
        <ele>157</ele>
        <time>2026-05-24T20:57:07.686Z</time>
      </trkpt>
      <trkpt lat="45.45786" lon="4.78514">
        <ele>156</ele>
        <time>2026-05-24T20:57:17.686Z</time>
      </trkpt>
      <trkpt lat="45.45694" lon="4.78434">
        <ele>151</ele>
        <time>2026-05-24T20:57:37.686Z</time>
      </trkpt>
      <trkpt lat="45.45684" lon="4.78452">
        <ele>155</ele>
        <time>2026-05-24T20:57:39.686Z</time>
      </trkpt>
      <trkpt lat="45.45679" lon="4.78462">
        <ele>157</ele>
        <time>2026-05-24T20:57:41.686Z</time>
      </trkpt>
      <trkpt lat="45.45671" lon="4.78473">
        <ele>159</ele>
        <time>2026-05-24T20:57:43.686Z</time>
      </trkpt>
      <trkpt lat="45.45664" lon="4.78477">
        <ele>161</ele>
        <time>2026-05-24T20:57:44.686Z</time>
      </trkpt>
      <trkpt lat="45.45658" lon="4.78479">
        <ele>162</ele>
        <time>2026-05-24T20:57:45.686Z</time>
      </trkpt>
      <trkpt lat="45.45645" lon="4.78478">
        <ele>165</ele>
        <time>2026-05-24T20:57:48.686Z</time>
      </trkpt>
      <trkpt lat="45.4563" lon="4.78474">
        <ele>167</ele>
        <time>2026-05-24T20:57:50.686Z</time>
      </trkpt>
      <trkpt lat="45.45588" lon="4.7846">
        <ele>172</ele>
        <time>2026-05-24T20:57:58.686Z</time>
      </trkpt>
      <trkpt lat="45.45582" lon="4.78459">
        <ele>173</ele>
        <time>2026-05-24T20:57:59.686Z</time>
      </trkpt>
      <trkpt lat="45.45576" lon="4.78456">
        <ele>174</ele>
        <time>2026-05-24T20:58:00.686Z</time>
      </trkpt>
      <trkpt lat="45.45574" lon="4.78453">
        <ele>174</ele>
        <time>2026-05-24T20:58:01.686Z</time>
      </trkpt>
      <trkpt lat="45.45572" lon="4.78447">
        <ele>173</ele>
        <time>2026-05-24T20:58:02.686Z</time>
      </trkpt>
      <trkpt lat="45.45569" lon="4.78417">
        <ele>168</ele>
        <time>2026-05-24T20:58:05.686Z</time>
      </trkpt>
      <trkpt lat="45.45569" lon="4.78413">
        <ele>168</ele>
        <time>2026-05-24T20:58:06.686Z</time>
      </trkpt>
      <trkpt lat="45.45554" lon="4.78392">
        <ele>170</ele>
        <time>2026-05-24T20:58:10.686Z</time>
      </trkpt>
      <trkpt lat="45.45533" lon="4.78387">
        <ele>175</ele>
        <time>2026-05-24T20:58:13.686Z</time>
      </trkpt>
      <trkpt lat="45.45516" lon="4.78373">
        <ele>178</ele>
        <time>2026-05-24T20:58:17.686Z</time>
      </trkpt>
      <trkpt lat="45.45504" lon="4.78333">
        <ele>177</ele>
        <time>2026-05-24T20:58:22.686Z</time>
      </trkpt>
      <trkpt lat="45.45487" lon="4.78302">
        <ele>178</ele>
        <time>2026-05-24T20:58:27.686Z</time>
      </trkpt>
      <trkpt lat="45.45459" lon="4.78235">
        <ele>178</ele>
        <time>2026-05-24T20:58:37.686Z</time>
      </trkpt>
      <trkpt lat="45.45448" lon="4.78217">
        <ele>178</ele>
        <time>2026-05-24T20:58:40.686Z</time>
      </trkpt>
      <trkpt lat="45.45443" lon="4.78213">
        <ele>179</ele>
        <time>2026-05-24T20:58:41.686Z</time>
      </trkpt>
      <trkpt lat="45.45441" lon="4.7821">
        <ele>179</ele>
        <time>2026-05-24T20:58:41.686Z</time>
      </trkpt>
      <trkpt lat="45.45364" lon="4.78111">
        <ele>179</ele>
        <time>2026-05-24T20:59:00.686Z</time>
      </trkpt>
      <trkpt lat="45.45357" lon="4.78101">
        <ele>180</ele>
        <time>2026-05-24T20:59:02.686Z</time>
      </trkpt>
      <trkpt lat="45.45351" lon="4.7809">
        <ele>179</ele>
        <time>2026-05-24T20:59:03.686Z</time>
      </trkpt>
      <trkpt lat="45.4535" lon="4.78087">
        <ele>179</ele>
        <time>2026-05-24T20:59:04.686Z</time>
      </trkpt>
      <trkpt lat="45.45349" lon="4.78082">
        <ele>179</ele>
        <time>2026-05-24T20:59:05.686Z</time>
      </trkpt>
      <trkpt lat="45.45348" lon="4.78049">
        <ele>176</ele>
        <time>2026-05-24T20:59:09.686Z</time>
      </trkpt>
      <trkpt lat="45.45347" lon="4.78043">
        <ele>176</ele>
        <time>2026-05-24T20:59:09.686Z</time>
      </trkpt>
      <trkpt lat="45.45346" lon="4.78035">
        <ele>176</ele>
        <time>2026-05-24T20:59:10.686Z</time>
      </trkpt>
      <trkpt lat="45.45335" lon="4.78002">
        <ele>176</ele>
        <time>2026-05-24T20:59:15.686Z</time>
      </trkpt>
      <trkpt lat="45.45305" lon="4.77928">
        <ele>177</ele>
        <time>2026-05-24T20:59:26.686Z</time>
      </trkpt>
      <trkpt lat="45.45302" lon="4.7792">
        <ele>177</ele>
        <time>2026-05-24T20:59:27.686Z</time>
      </trkpt>
      <trkpt lat="45.45298" lon="4.77904">
        <ele>177</ele>
        <time>2026-05-24T20:59:29.686Z</time>
      </trkpt>
      <trkpt lat="45.45296" lon="4.77875">
        <ele>174</ele>
        <time>2026-05-24T20:59:33.686Z</time>
      </trkpt>
      <trkpt lat="45.45294" lon="4.77862">
        <ele>173</ele>
        <time>2026-05-24T20:59:34.686Z</time>
      </trkpt>
      <trkpt lat="45.45287" lon="4.7784">
        <ele>172</ele>
        <time>2026-05-24T20:59:37.686Z</time>
      </trkpt>
      <trkpt lat="45.45279" lon="4.77822">
        <ele>173</ele>
        <time>2026-05-24T20:59:40.686Z</time>
      </trkpt>
      <trkpt lat="45.45272" lon="4.7781">
        <ele>174</ele>
        <time>2026-05-24T20:59:42.686Z</time>
      </trkpt>
      <trkpt lat="45.45266" lon="4.77803">
        <ele>175</ele>
        <time>2026-05-24T20:59:43.686Z</time>
      </trkpt>
      <trkpt lat="45.45246" lon="4.77788">
        <ele>179</ele>
        <time>2026-05-24T20:59:47.686Z</time>
      </trkpt>
      <trkpt lat="45.45231" lon="4.77779">
        <ele>181</ele>
        <time>2026-05-24T20:59:50.686Z</time>
      </trkpt>
      <trkpt lat="45.45225" lon="4.77775">
        <ele>183</ele>
        <time>2026-05-24T20:59:51.686Z</time>
      </trkpt>
      <trkpt lat="45.45222" lon="4.77771">
        <ele>183</ele>
        <time>2026-05-24T20:59:52.686Z</time>
      </trkpt>
      <trkpt lat="45.45222" lon="4.77767">
        <ele>183</ele>
        <time>2026-05-24T20:59:53.686Z</time>
      </trkpt>
      <trkpt lat="45.45223" lon="4.77764">
        <ele>182</ele>
        <time>2026-05-24T20:59:53.686Z</time>
      </trkpt>
      <trkpt lat="45.45237" lon="4.77739">
        <ele>176</ele>
        <time>2026-05-24T20:59:57.686Z</time>
      </trkpt>
      <trkpt lat="45.45239" lon="4.77734">
        <ele>175</ele>
        <time>2026-05-24T20:59:58.686Z</time>
      </trkpt>
      <trkpt lat="45.4524" lon="4.77722">
        <ele>175</ele>
        <time>2026-05-24T20:59:59.686Z</time>
      </trkpt>
      <trkpt lat="45.45236" lon="4.77659">
        <ele>176</ele>
        <time>2026-05-24T21:00:07.686Z</time>
      </trkpt>
      <trkpt lat="45.45229" lon="4.77611">
        <ele>178</ele>
        <time>2026-05-24T21:00:13.686Z</time>
      </trkpt>
      <trkpt lat="45.45221" lon="4.7755">
        <ele>180</ele>
        <time>2026-05-24T21:00:21.686Z</time>
      </trkpt>
      <trkpt lat="45.4522" lon="4.77514">
        <ele>179</ele>
        <time>2026-05-24T21:00:25.686Z</time>
      </trkpt>
      <trkpt lat="45.45215" lon="4.77475">
        <ele>180</ele>
        <time>2026-05-24T21:00:30.686Z</time>
      </trkpt>
      <trkpt lat="45.45215" lon="4.77442">
        <ele>180</ele>
        <time>2026-05-24T21:00:34.686Z</time>
      </trkpt>
      <trkpt lat="45.45217" lon="4.77415">
        <ele>179</ele>
        <time>2026-05-24T21:00:38.686Z</time>
      </trkpt>
      <trkpt lat="45.45225" lon="4.77368">
        <ele>177</ele>
        <time>2026-05-24T21:00:44.686Z</time>
      </trkpt>
      <trkpt lat="45.45233" lon="4.77329">
        <ele>174</ele>
        <time>2026-05-24T21:00:49.686Z</time>
      </trkpt>
      <trkpt lat="45.45239" lon="4.77305">
        <ele>171</ele>
        <time>2026-05-24T21:00:52.686Z</time>
      </trkpt>
      <trkpt lat="45.4524" lon="4.77297">
        <ele>170</ele>
        <time>2026-05-24T21:00:53.686Z</time>
      </trkpt>
      <trkpt lat="45.45235" lon="4.77245">
        <ele>168</ele>
        <time>2026-05-24T21:01:00.686Z</time>
      </trkpt>
      <trkpt lat="45.45245" lon="4.77233">
        <ele>164</ele>
        <time>2026-05-24T21:01:02.686Z</time>
      </trkpt>
      <trkpt lat="45.45245" lon="4.77232">
        <ele>164</ele>
        <time>2026-05-24T21:01:02.686Z</time>
      </trkpt>
      <trkpt lat="45.45217" lon="4.77191">
        <ele>165</ele>
        <time>2026-05-24T21:01:09.686Z</time>
      </trkpt>
      <trkpt lat="45.45259" lon="4.77145">
        <ele>155</ele>
        <time>2026-05-24T21:01:19.686Z</time>
      </trkpt>
      <trkpt lat="45.45276" lon="4.77125">
        <ele>155</ele>
        <time>2026-05-24T21:01:23.686Z</time>
      </trkpt>
      <trkpt lat="45.453" lon="4.771">
        <ele>154</ele>
        <time>2026-05-24T21:01:28.686Z</time>
      </trkpt>
      <trkpt lat="45.45373" lon="4.77022">
        <ele>155</ele>
        <time>2026-05-24T21:01:44.686Z</time>
      </trkpt>
      <trkpt lat="45.45387" lon="4.77006">
        <ele>155</ele>
        <time>2026-05-24T21:01:47.686Z</time>
      </trkpt>
      <trkpt lat="45.45397" lon="4.76994">
        <ele>155</ele>
        <time>2026-05-24T21:01:50.686Z</time>
      </trkpt>
      <trkpt lat="45.45411" lon="4.7696">
        <ele>155</ele>
        <time>2026-05-24T21:01:55.686Z</time>
      </trkpt>
      <trkpt lat="45.45414" lon="4.76943">
        <ele>155</ele>
        <time>2026-05-24T21:01:57.686Z</time>
      </trkpt>
      <trkpt lat="45.45422" lon="4.76887">
        <ele>154</ele>
        <time>2026-05-24T21:02:04.686Z</time>
      </trkpt>
      <trkpt lat="45.45423" lon="4.76878">
        <ele>154</ele>
        <time>2026-05-24T21:02:05.686Z</time>
      </trkpt>
      <trkpt lat="45.45431" lon="4.76817">
        <ele>152</ele>
        <time>2026-05-24T21:02:13.686Z</time>
      </trkpt>
      <trkpt lat="45.45508" lon="4.7684">
        <ele>153</ele>
        <time>2026-05-24T21:02:27.686Z</time>
      </trkpt>
      <trkpt lat="45.45524" lon="4.76845">
        <ele>152</ele>
        <time>2026-05-24T21:02:30.686Z</time>
      </trkpt>
      <trkpt lat="45.45558" lon="4.76857">
        <ele>150</ele>
        <time>2026-05-24T21:02:36.686Z</time>
      </trkpt>
      <trkpt lat="45.45574" lon="4.76863">
        <ele>149</ele>
        <time>2026-05-24T21:02:39.686Z</time>
      </trkpt>
      <trkpt lat="45.45588" lon="4.76865">
        <ele>148</ele>
        <time>2026-05-24T21:02:41.686Z</time>
      </trkpt>
      <trkpt lat="45.4559" lon="4.7687">
        <ele>148</ele>
        <time>2026-05-24T21:02:42.686Z</time>
      </trkpt>
      <trkpt lat="45.45592" lon="4.76878">
        <ele>148</ele>
        <time>2026-05-24T21:02:43.686Z</time>
      </trkpt>
      <trkpt lat="45.45593" lon="4.76886">
        <ele>148</ele>
        <time>2026-05-24T21:02:44.686Z</time>
      </trkpt>
      <trkpt lat="45.45592" lon="4.76898">
        <ele>148</ele>
        <time>2026-05-24T21:02:46.686Z</time>
      </trkpt>
      <trkpt lat="45.45591" lon="4.76907">
        <ele>148</ele>
        <time>2026-05-24T21:02:47.686Z</time>
      </trkpt>
      <trkpt lat="45.45581" lon="4.76955">
        <ele>148</ele>
        <time>2026-05-24T21:02:53.686Z</time>
      </trkpt>
      <trkpt lat="45.45573" lon="4.76999">
        <ele>148</ele>
        <time>2026-05-24T21:02:59.686Z</time>
      </trkpt>
      <trkpt lat="45.45569" lon="4.77011">
        <ele>148</ele>
        <time>2026-05-24T21:03:00.686Z</time>
      </trkpt>
      <trkpt lat="45.45566" lon="4.77016">
        <ele>148</ele>
        <time>2026-05-24T21:03:01.686Z</time>
      </trkpt>
      <trkpt lat="45.45563" lon="4.7702">
        <ele>148</ele>
        <time>2026-05-24T21:03:02.686Z</time>
      </trkpt>
      <trkpt lat="45.45557" lon="4.77024">
        <ele>148</ele>
        <time>2026-05-24T21:03:03.686Z</time>
      </trkpt>
      <trkpt lat="45.45546" lon="4.77025">
        <ele>149</ele>
        <time>2026-05-24T21:03:05.686Z</time>
      </trkpt>
      <trkpt lat="45.45538" lon="4.77024">
        <ele>150</ele>
        <time>2026-05-24T21:03:07.686Z</time>
      </trkpt>
      <trkpt lat="45.45528" lon="4.7702">
        <ele>151</ele>
        <time>2026-05-24T21:03:09.578Z</time>
      </trkpt>
      <trkpt lat="45.45528" lon="4.7702">
        <ele>153.40484074464717</ele>
        <time>2026-05-24T21:03:09.578Z</time>
      </trkpt>
      <trkpt lat="45.4550596655906" lon="4.7707587955803765">
        <ele>149.68590470395026</ele>
        <time>2026-05-24T21:03:17.769Z</time>
      </trkpt>
      <trkpt lat="45.454839331181205" lon="4.771317591160752">
        <ele>147.51577811664907</ele>
        <time>2026-05-24T21:03:25.960Z</time>
      </trkpt>
      <trkpt lat="45.454618996771806" lon="4.771876386741129">
        <ele>146.17137971577958</ele>
        <time>2026-05-24T21:03:34.151Z</time>
      </trkpt>
      <trkpt lat="45.454592566048035" lon="4.771943418357608">
        <ele>145.94754138221046</ele>
        <time>2026-05-24T21:03:35.133Z</time>
      </trkpt>
      <trkpt lat="45.45459" lon="4.77195">
        <ele>145.9317416897511</ele>
        <time>2026-05-24T21:03:35.228Z</time>
      </trkpt>
      <trkpt lat="45.45429899634626" lon="4.772438682008993">
        <ele>145.5792874168962</ele>
        <time>2026-05-24T21:03:43.867Z</time>
      </trkpt>
      <trkpt lat="45.45422450463201" lon="4.7725637758354935">
        <ele>145.59017000501075</ele>
        <time>2026-05-24T21:03:46.078Z</time>
      </trkpt>
      <trkpt lat="45.45392637381086" lon="4.773043644843741">
        <ele>146.63308797339963</ele>
        <time>2026-05-24T21:03:54.717Z</time>
      </trkpt>
      <trkpt lat="45.45391" lon="4.77307">
        <ele>146.7941215049946</ele>
        <time>2026-05-24T21:03:55.191Z</time>
      </trkpt>
      <trkpt lat="45.45391" lon="4.77307">
        <ele>149</ele>
        <time>2026-05-24T21:03:55.191Z</time>
      </trkpt>
      <trkpt lat="45.45388" lon="4.77316">
        <ele>149</ele>
        <time>2026-05-24T21:03:56.218Z</time>
      </trkpt>
      <trkpt lat="45.45377" lon="4.77353">
        <ele>150</ele>
        <time>2026-05-24T21:04:01.218Z</time>
      </trkpt>
      <trkpt lat="45.45375" lon="4.77361">
        <ele>151</ele>
        <time>2026-05-24T21:04:02.218Z</time>
      </trkpt>
      <trkpt lat="45.45366" lon="4.77389">
        <ele>152</ele>
        <time>2026-05-24T21:04:06.218Z</time>
      </trkpt>
      <trkpt lat="45.45333" lon="4.77508">
        <ele>158</ele>
        <time>2026-05-24T21:04:22.218Z</time>
      </trkpt>
      <trkpt lat="45.45327" lon="4.77531">
        <ele>158</ele>
        <time>2026-05-24T21:04:25.218Z</time>
      </trkpt>
      <trkpt lat="45.45323" lon="4.77556">
        <ele>158</ele>
        <time>2026-05-24T21:04:28.218Z</time>
      </trkpt>
      <trkpt lat="45.45321" lon="4.77579">
        <ele>158</ele>
        <time>2026-05-24T21:04:31.218Z</time>
      </trkpt>
      <trkpt lat="45.45315" lon="4.77731">
        <ele>153</ele>
        <time>2026-05-24T21:04:50.218Z</time>
      </trkpt>
      <trkpt lat="45.45316" lon="4.77759">
        <ele>154</ele>
        <time>2026-05-24T21:04:53.218Z</time>
      </trkpt>
      <trkpt lat="45.45319" lon="4.77773">
        <ele>155</ele>
        <time>2026-05-24T21:04:55.218Z</time>
      </trkpt>
      <trkpt lat="45.45327" lon="4.778">
        <ele>155</ele>
        <time>2026-05-24T21:04:59.218Z</time>
      </trkpt>
      <trkpt lat="45.45352" lon="4.77858">
        <ele>156</ele>
        <time>2026-05-24T21:05:07.218Z</time>
      </trkpt>
      <trkpt lat="45.45359" lon="4.77869">
        <ele>155</ele>
        <time>2026-05-24T21:05:09.218Z</time>
      </trkpt>
      <trkpt lat="45.45392" lon="4.77903">
        <ele>151</ele>
        <time>2026-05-24T21:05:16.218Z</time>
      </trkpt>
      <trkpt lat="45.4541" lon="4.77937">
        <ele>149</ele>
        <time>2026-05-24T21:05:22.218Z</time>
      </trkpt>
      <trkpt lat="45.45464" lon="4.78034">
        <ele>151</ele>
        <time>2026-05-24T21:05:37.218Z</time>
      </trkpt>
      <trkpt lat="45.45493" lon="4.78104">
        <ele>152</ele>
        <time>2026-05-24T21:05:47.218Z</time>
      </trkpt>
      <trkpt lat="45.45521" lon="4.78177">
        <ele>155</ele>
        <time>2026-05-24T21:05:58.218Z</time>
      </trkpt>
      <trkpt lat="45.45534" lon="4.78206">
        <ele>156</ele>
        <time>2026-05-24T21:06:02.218Z</time>
      </trkpt>
      <trkpt lat="45.45587" lon="4.78291">
        <ele>151</ele>
        <time>2026-05-24T21:06:16.218Z</time>
      </trkpt>
      <trkpt lat="45.45616" lon="4.78333">
        <ele>153</ele>
        <time>2026-05-24T21:06:24.218Z</time>
      </trkpt>
      <trkpt lat="45.45648" lon="4.78376">
        <ele>152</ele>
        <time>2026-05-24T21:06:31.218Z</time>
      </trkpt>
      <trkpt lat="45.4565" lon="4.78378">
        <ele>152</ele>
        <time>2026-05-24T21:06:32.218Z</time>
      </trkpt>
      <trkpt lat="45.45695" lon="4.78431">
        <ele>151</ele>
        <time>2026-05-24T21:06:42.218Z</time>
      </trkpt>
      <trkpt lat="45.45721" lon="4.78454">
        <ele>152</ele>
        <time>2026-05-24T21:06:48.218Z</time>
      </trkpt>
      <trkpt lat="45.45747" lon="4.78476">
        <ele>153</ele>
        <time>2026-05-24T21:06:53.218Z</time>
      </trkpt>
      <trkpt lat="45.45789" lon="4.7851">
        <ele>155</ele>
        <time>2026-05-24T21:07:02.218Z</time>
      </trkpt>
      <trkpt lat="45.45807" lon="4.78527">
        <ele>156</ele>
        <time>2026-05-24T21:07:05.218Z</time>
      </trkpt>
      <trkpt lat="45.45853" lon="4.78563">
        <ele>157</ele>
        <time>2026-05-24T21:07:15.218Z</time>
      </trkpt>
      <trkpt lat="45.45916" lon="4.7861">
        <ele>158</ele>
        <time>2026-05-24T21:07:27.218Z</time>
      </trkpt>
      <trkpt lat="45.45914" lon="4.78616">
        <ele>159</ele>
        <time>2026-05-24T21:07:28.218Z</time>
      </trkpt>
      <trkpt lat="45.45837" lon="4.78557">
        <ele>157</ele>
        <time>2026-05-24T21:07:44.218Z</time>
      </trkpt>
      <trkpt lat="45.45786" lon="4.78514">
        <ele>156</ele>
        <time>2026-05-24T21:07:54.218Z</time>
      </trkpt>
      <trkpt lat="45.45694" lon="4.78434">
        <ele>151</ele>
        <time>2026-05-24T21:08:14.218Z</time>
      </trkpt>
      <trkpt lat="45.45684" lon="4.78452">
        <ele>155</ele>
        <time>2026-05-24T21:08:16.218Z</time>
      </trkpt>
      <trkpt lat="45.45679" lon="4.78462">
        <ele>157</ele>
        <time>2026-05-24T21:08:18.218Z</time>
      </trkpt>
      <trkpt lat="45.45671" lon="4.78473">
        <ele>159</ele>
        <time>2026-05-24T21:08:20.218Z</time>
      </trkpt>
      <trkpt lat="45.45664" lon="4.78477">
        <ele>161</ele>
        <time>2026-05-24T21:08:21.218Z</time>
      </trkpt>
      <trkpt lat="45.45658" lon="4.78479">
        <ele>162</ele>
        <time>2026-05-24T21:08:22.218Z</time>
      </trkpt>
      <trkpt lat="45.45645" lon="4.78478">
        <ele>165</ele>
        <time>2026-05-24T21:08:25.218Z</time>
      </trkpt>
      <trkpt lat="45.4563" lon="4.78474">
        <ele>167</ele>
        <time>2026-05-24T21:08:27.218Z</time>
      </trkpt>
      <trkpt lat="45.45588" lon="4.7846">
        <ele>172</ele>
        <time>2026-05-24T21:08:35.218Z</time>
      </trkpt>
      <trkpt lat="45.45582" lon="4.78459">
        <ele>173</ele>
        <time>2026-05-24T21:08:36.218Z</time>
      </trkpt>
      <trkpt lat="45.45576" lon="4.78456">
        <ele>174</ele>
        <time>2026-05-24T21:08:37.218Z</time>
      </trkpt>
      <trkpt lat="45.45574" lon="4.78453">
        <ele>174</ele>
        <time>2026-05-24T21:08:38.218Z</time>
      </trkpt>
      <trkpt lat="45.45572" lon="4.78447">
        <ele>173</ele>
        <time>2026-05-24T21:08:39.218Z</time>
      </trkpt>
      <trkpt lat="45.45569" lon="4.78417">
        <ele>168</ele>
        <time>2026-05-24T21:08:42.218Z</time>
      </trkpt>
      <trkpt lat="45.45569" lon="4.78413">
        <ele>168</ele>
        <time>2026-05-24T21:08:43.218Z</time>
      </trkpt>
      <trkpt lat="45.45554" lon="4.78392">
        <ele>170</ele>
        <time>2026-05-24T21:08:47.218Z</time>
      </trkpt>
      <trkpt lat="45.45533" lon="4.78387">
        <ele>175</ele>
        <time>2026-05-24T21:08:50.218Z</time>
      </trkpt>
      <trkpt lat="45.45516" lon="4.78373">
        <ele>178</ele>
        <time>2026-05-24T21:08:54.218Z</time>
      </trkpt>
      <trkpt lat="45.45504" lon="4.78333">
        <ele>177</ele>
        <time>2026-05-24T21:08:59.218Z</time>
      </trkpt>
      <trkpt lat="45.45487" lon="4.78302">
        <ele>178</ele>
        <time>2026-05-24T21:09:04.218Z</time>
      </trkpt>
      <trkpt lat="45.45459" lon="4.78235">
        <ele>178</ele>
        <time>2026-05-24T21:09:14.218Z</time>
      </trkpt>
      <trkpt lat="45.45448" lon="4.78217">
        <ele>178</ele>
        <time>2026-05-24T21:09:17.218Z</time>
      </trkpt>
      <trkpt lat="45.45443" lon="4.78213">
        <ele>179</ele>
        <time>2026-05-24T21:09:18.218Z</time>
      </trkpt>
      <trkpt lat="45.45441" lon="4.7821">
        <ele>179</ele>
        <time>2026-05-24T21:09:18.218Z</time>
      </trkpt>
      <trkpt lat="45.45364" lon="4.78111">
        <ele>179</ele>
        <time>2026-05-24T21:09:37.218Z</time>
      </trkpt>
      <trkpt lat="45.45357" lon="4.78101">
        <ele>180</ele>
        <time>2026-05-24T21:09:39.218Z</time>
      </trkpt>
      <trkpt lat="45.45351" lon="4.7809">
        <ele>179</ele>
        <time>2026-05-24T21:09:40.218Z</time>
      </trkpt>
      <trkpt lat="45.4535" lon="4.78087">
        <ele>179</ele>
        <time>2026-05-24T21:09:41.218Z</time>
      </trkpt>
      <trkpt lat="45.45349" lon="4.78082">
        <ele>179</ele>
        <time>2026-05-24T21:09:42.218Z</time>
      </trkpt>
      <trkpt lat="45.45348" lon="4.78049">
        <ele>176</ele>
        <time>2026-05-24T21:09:46.218Z</time>
      </trkpt>
      <trkpt lat="45.45347" lon="4.78043">
        <ele>176</ele>
        <time>2026-05-24T21:09:46.218Z</time>
      </trkpt>
      <trkpt lat="45.45346" lon="4.78035">
        <ele>176</ele>
        <time>2026-05-24T21:09:47.218Z</time>
      </trkpt>
      <trkpt lat="45.45335" lon="4.78002">
        <ele>176</ele>
        <time>2026-05-24T21:09:52.218Z</time>
      </trkpt>
      <trkpt lat="45.45305" lon="4.77928">
        <ele>177</ele>
        <time>2026-05-24T21:10:03.218Z</time>
      </trkpt>
      <trkpt lat="45.45302" lon="4.7792">
        <ele>177</ele>
        <time>2026-05-24T21:10:04.218Z</time>
      </trkpt>
      <trkpt lat="45.45298" lon="4.77904">
        <ele>177</ele>
        <time>2026-05-24T21:10:06.218Z</time>
      </trkpt>
      <trkpt lat="45.45296" lon="4.77875">
        <ele>174</ele>
        <time>2026-05-24T21:10:10.218Z</time>
      </trkpt>
      <trkpt lat="45.45294" lon="4.77862">
        <ele>173</ele>
        <time>2026-05-24T21:10:11.218Z</time>
      </trkpt>
      <trkpt lat="45.45287" lon="4.7784">
        <ele>172</ele>
        <time>2026-05-24T21:10:14.218Z</time>
      </trkpt>
      <trkpt lat="45.45279" lon="4.77822">
        <ele>173</ele>
        <time>2026-05-24T21:10:17.218Z</time>
      </trkpt>
      <trkpt lat="45.45272" lon="4.7781">
        <ele>174</ele>
        <time>2026-05-24T21:10:19.218Z</time>
      </trkpt>
      <trkpt lat="45.45266" lon="4.77803">
        <ele>175</ele>
        <time>2026-05-24T21:10:20.218Z</time>
      </trkpt>
      <trkpt lat="45.45246" lon="4.77788">
        <ele>179</ele>
        <time>2026-05-24T21:10:24.218Z</time>
      </trkpt>
      <trkpt lat="45.45231" lon="4.77779">
        <ele>181</ele>
        <time>2026-05-24T21:10:27.218Z</time>
      </trkpt>
      <trkpt lat="45.45225" lon="4.77775">
        <ele>183</ele>
        <time>2026-05-24T21:10:28.218Z</time>
      </trkpt>
      <trkpt lat="45.45222" lon="4.77771">
        <ele>183</ele>
        <time>2026-05-24T21:10:29.218Z</time>
      </trkpt>
      <trkpt lat="45.45222" lon="4.77767">
        <ele>183</ele>
        <time>2026-05-24T21:10:30.218Z</time>
      </trkpt>
      <trkpt lat="45.45223" lon="4.77764">
        <ele>182</ele>
        <time>2026-05-24T21:10:30.218Z</time>
      </trkpt>
      <trkpt lat="45.45237" lon="4.77739">
        <ele>176</ele>
        <time>2026-05-24T21:10:34.218Z</time>
      </trkpt>
      <trkpt lat="45.45239" lon="4.77734">
        <ele>175</ele>
        <time>2026-05-24T21:10:35.218Z</time>
      </trkpt>
      <trkpt lat="45.4524" lon="4.77722">
        <ele>175</ele>
        <time>2026-05-24T21:10:36.218Z</time>
      </trkpt>
      <trkpt lat="45.45236" lon="4.77659">
        <ele>176</ele>
        <time>2026-05-24T21:10:44.218Z</time>
      </trkpt>
      <trkpt lat="45.45229" lon="4.77611">
        <ele>178</ele>
        <time>2026-05-24T21:10:50.218Z</time>
      </trkpt>
      <trkpt lat="45.45221" lon="4.7755">
        <ele>180</ele>
        <time>2026-05-24T21:10:58.218Z</time>
      </trkpt>
      <trkpt lat="45.4522" lon="4.77514">
        <ele>179</ele>
        <time>2026-05-24T21:11:02.218Z</time>
      </trkpt>
      <trkpt lat="45.45215" lon="4.77475">
        <ele>180</ele>
        <time>2026-05-24T21:11:07.218Z</time>
      </trkpt>
      <trkpt lat="45.45215" lon="4.77442">
        <ele>180</ele>
        <time>2026-05-24T21:11:11.218Z</time>
      </trkpt>
      <trkpt lat="45.45217" lon="4.77415">
        <ele>179</ele>
        <time>2026-05-24T21:11:15.218Z</time>
      </trkpt>
      <trkpt lat="45.45225" lon="4.77368">
        <ele>177</ele>
        <time>2026-05-24T21:11:21.218Z</time>
      </trkpt>
      <trkpt lat="45.45233" lon="4.77329">
        <ele>174</ele>
        <time>2026-05-24T21:11:26.218Z</time>
      </trkpt>
      <trkpt lat="45.45239" lon="4.77305">
        <ele>171</ele>
        <time>2026-05-24T21:11:29.218Z</time>
      </trkpt>
      <trkpt lat="45.4524" lon="4.77297">
        <ele>170</ele>
        <time>2026-05-24T21:11:30.218Z</time>
      </trkpt>
      <trkpt lat="45.45235" lon="4.77245">
        <ele>168</ele>
        <time>2026-05-24T21:11:37.218Z</time>
      </trkpt>
      <trkpt lat="45.45245" lon="4.77233">
        <ele>164</ele>
        <time>2026-05-24T21:11:39.218Z</time>
      </trkpt>
      <trkpt lat="45.45245" lon="4.77232">
        <ele>164</ele>
        <time>2026-05-24T21:11:39.218Z</time>
      </trkpt>
      <trkpt lat="45.45217" lon="4.77191">
        <ele>165</ele>
        <time>2026-05-24T21:11:46.218Z</time>
      </trkpt>
      <trkpt lat="45.45259" lon="4.77145">
        <ele>155</ele>
        <time>2026-05-24T21:11:56.218Z</time>
      </trkpt>
      <trkpt lat="45.45276" lon="4.77125">
        <ele>155</ele>
        <time>2026-05-24T21:12:00.218Z</time>
      </trkpt>
      <trkpt lat="45.453" lon="4.771">
        <ele>154</ele>
        <time>2026-05-24T21:12:05.218Z</time>
      </trkpt>
      <trkpt lat="45.45373" lon="4.77022">
        <ele>155</ele>
        <time>2026-05-24T21:12:21.218Z</time>
      </trkpt>
      <trkpt lat="45.45387" lon="4.77006">
        <ele>155</ele>
        <time>2026-05-24T21:12:24.218Z</time>
      </trkpt>
      <trkpt lat="45.45397" lon="4.76994">
        <ele>155</ele>
        <time>2026-05-24T21:12:27.218Z</time>
      </trkpt>
      <trkpt lat="45.45411" lon="4.7696">
        <ele>155</ele>
        <time>2026-05-24T21:12:32.218Z</time>
      </trkpt>
      <trkpt lat="45.45414" lon="4.76943">
        <ele>155</ele>
        <time>2026-05-24T21:12:34.218Z</time>
      </trkpt>
      <trkpt lat="45.45422" lon="4.76887">
        <ele>154</ele>
        <time>2026-05-24T21:12:41.218Z</time>
      </trkpt>
      <trkpt lat="45.45423" lon="4.76878">
        <ele>154</ele>
        <time>2026-05-24T21:12:42.218Z</time>
      </trkpt>
      <trkpt lat="45.45431" lon="4.76817">
        <ele>152</ele>
        <time>2026-05-24T21:12:50.218Z</time>
      </trkpt>
      <trkpt lat="45.45508" lon="4.7684">
        <ele>153</ele>
        <time>2026-05-24T21:13:04.218Z</time>
      </trkpt>
      <trkpt lat="45.45524" lon="4.76845">
        <ele>152</ele>
        <time>2026-05-24T21:13:07.218Z</time>
      </trkpt>
      <trkpt lat="45.45558" lon="4.76857">
        <ele>150</ele>
        <time>2026-05-24T21:13:13.218Z</time>
      </trkpt>
      <trkpt lat="45.45574" lon="4.76863">
        <ele>149</ele>
        <time>2026-05-24T21:13:16.218Z</time>
      </trkpt>
      <trkpt lat="45.45588" lon="4.76865">
        <ele>148</ele>
        <time>2026-05-24T21:13:18.218Z</time>
      </trkpt>
      <trkpt lat="45.4559" lon="4.7687">
        <ele>148</ele>
        <time>2026-05-24T21:13:19.218Z</time>
      </trkpt>
      <trkpt lat="45.45592" lon="4.76878">
        <ele>148</ele>
        <time>2026-05-24T21:13:20.218Z</time>
      </trkpt>
      <trkpt lat="45.45593" lon="4.76886">
        <ele>148</ele>
        <time>2026-05-24T21:13:21.218Z</time>
      </trkpt>
      <trkpt lat="45.45592" lon="4.76898">
        <ele>148</ele>
        <time>2026-05-24T21:13:23.218Z</time>
      </trkpt>
      <trkpt lat="45.45591" lon="4.76907">
        <ele>148</ele>
        <time>2026-05-24T21:13:24.218Z</time>
      </trkpt>
      <trkpt lat="45.45581" lon="4.76955">
        <ele>148</ele>
        <time>2026-05-24T21:13:30.218Z</time>
      </trkpt>
      <trkpt lat="45.45573" lon="4.76999">
        <ele>148</ele>
        <time>2026-05-24T21:13:36.218Z</time>
      </trkpt>
      <trkpt lat="45.45569" lon="4.77011">
        <ele>148</ele>
        <time>2026-05-24T21:13:37.218Z</time>
      </trkpt>
      <trkpt lat="45.45566" lon="4.77016">
        <ele>148</ele>
        <time>2026-05-24T21:13:38.218Z</time>
      </trkpt>
      <trkpt lat="45.45563" lon="4.7702">
        <ele>148</ele>
        <time>2026-05-24T21:13:39.218Z</time>
      </trkpt>
      <trkpt lat="45.45557" lon="4.77024">
        <ele>148</ele>
        <time>2026-05-24T21:13:40.218Z</time>
      </trkpt>
      <trkpt lat="45.45546" lon="4.77025">
        <ele>149</ele>
        <time>2026-05-24T21:13:42.218Z</time>
      </trkpt>
      <trkpt lat="45.45538" lon="4.77024">
        <ele>150</ele>
        <time>2026-05-24T21:13:44.218Z</time>
      </trkpt>
      <trkpt lat="45.45528" lon="4.7702">
        <ele>151</ele>
        <time>2026-05-24T21:13:46.074Z</time>
      </trkpt>
      <trkpt lat="45.45528" lon="4.7702">
        <ele>153.40484074464717</ele>
        <time>2026-05-24T21:13:46.074Z</time>
      </trkpt>
      <trkpt lat="45.455059403146805" lon="4.770758585107179">
        <ele>149.6921928332318</ele>
        <time>2026-05-24T21:13:54.111Z</time>
      </trkpt>
      <trkpt lat="45.45483880629361" lon="4.771317170214358">
        <ele>147.52171748294498</ele>
        <time>2026-05-24T21:14:02.148Z</time>
      </trkpt>
      <trkpt lat="45.45461820944042" lon="4.771875755321537">
        <ele>146.17610535491858</ele>
        <time>2026-05-24T21:14:10.185Z</time>
      </trkpt>
      <trkpt lat="45.454591686069534" lon="4.771942916569543">
        <ele>145.95089926025844</ele>
        <time>2026-05-24T21:14:11.151Z</time>
      </trkpt>
      <trkpt lat="45.45462012530288" lon="4.771990999407365">
        <ele>145.7354601548525</ele>
        <time>2026-05-24T21:14:11.939Z</time>
      </trkpt>
      <trkpt lat="45.45462012530288" lon="4.771990999407365">
        <ele>145.7354601548525</ele>
        <time>2026-05-24T21:14:11.939Z</time>
      </trkpt>
      <trkpt lat="45.45465739251483" lon="4.7721636622363235">
        <ele>145.15870342111913</ele>
        <time>2026-05-24T21:14:14.272Z</time>
      </trkpt>
      <trkpt lat="45.45464541377072" lon="4.772224378836228">
        <ele>145.03303287010723</ele>
        <time>2026-05-24T21:14:15.062Z</time>
      </trkpt>
      <trkpt lat="45.45460881203735" lon="4.772266121497978">
        <ele>145.05734973363644</ele>
        <time>2026-05-24T21:14:15.899Z</time>
      </trkpt>
      <trkpt lat="45.454479487599826" lon="4.7724096378637455">
        <ele>144.99229244897248</ele>
        <time>2026-05-24T21:14:18.826Z</time>
      </trkpt>
      <trkpt lat="45.45417549272977" lon="4.772881972312709">
        <ele>145.23591188853712</ele>
        <time>2026-05-24T21:14:26.857Z</time>
      </trkpt>
      <trkpt lat="45.4539285998907" lon="4.773265584026518">
        <ele>146.45212623513018</ele>
        <time>2026-05-24T21:14:33.379Z</time>
      </trkpt>
      <trkpt lat="45.45390333325702" lon="4.773392709545334">
        <ele>146.49279785328645</ele>
        <time>2026-05-24T21:14:35.034Z</time>
      </trkpt>
      <trkpt lat="45.45391522343871" lon="4.773473222375372">
        <ele>146.1669515315445</ele>
        <time>2026-05-24T21:14:36.064Z</time>
      </trkpt>
      <trkpt lat="45.45394792142659" lon="4.773543141411068">
        <ele>145.56778222059228</ele>
        <time>2026-05-24T21:14:37.116Z</time>
      </trkpt>
      <trkpt lat="45.454254328207455" lon="4.774012297731291">
        <ele>143.78339392306492</ele>
        <time>2026-05-24T21:14:45.147Z</time>
      </trkpt>
      <trkpt lat="45.45438934240522" lon="4.774219025415391">
        <ele>143.73167911782014</ele>
        <time>2026-05-24T21:14:48.685Z</time>
      </trkpt>
      <trkpt lat="45.454691840689776" lon="4.7746933121354">
        <ele>143.77909503812072</ele>
        <time>2026-05-24T21:14:56.716Z</time>
      </trkpt>
      <trkpt lat="45.45489100371165" lon="4.775005579613321">
        <ele>144.07917757883553</ele>
        <time>2026-05-24T21:15:02.011Z</time>
      </trkpt>
      <trkpt lat="45.45489043372925" lon="4.775008133782109">
        <ele>144.08028713537004</ele>
        <time>2026-05-24T21:15:02.053Z</time>
      </trkpt>
      <trkpt lat="45.454947228373555" lon="4.775109340220411">
        <ele>144.28637792184122</ele>
        <time>2026-05-24T21:15:04.112Z</time>
      </trkpt>
      <trkpt lat="45.455012897109015" lon="4.775167533922769">
        <ele>144.67177253295733</ele>
        <time>2026-05-24T21:15:05.863Z</time>
      </trkpt>
      <trkpt lat="45.455149558827685" lon="4.775423080179593">
        <ele>145.37168455886734</ele>
        <time>2026-05-24T21:15:10.968Z</time>
      </trkpt>
      <trkpt lat="45.45519747909211" lon="4.7754357309842135">
        <ele>145.60397432516365</ele>
        <time>2026-05-24T21:15:12.071Z</time>
      </trkpt>
      <trkpt lat="45.45530219360211" lon="4.775418019857426">
        <ele>146.02515623457776</ele>
        <time>2026-05-24T21:15:14.459Z</time>
      </trkpt>
      <trkpt lat="45.45555217356011" lon="4.775162701959999">
        <ele>146.23072019512847</ele>
        <time>2026-05-24T21:15:21.423Z</time>
      </trkpt>
      <trkpt lat="45.455893486721635" lon="4.774815873821353">
        <ele>148.10742479994946</ele>
        <time>2026-05-24T21:15:30.915Z</time>
      </trkpt>
      <trkpt lat="45.455927044678674" lon="4.774878254895668">
        <ele>148.09946730902485</ele>
        <time>2026-05-24T21:15:32.163Z</time>
      </trkpt>
      <trkpt lat="45.45591006696492" lon="4.774945102578926">
        <ele>148.10253425651172</ele>
        <time>2026-05-24T21:15:33.292Z</time>
      </trkpt>
      <trkpt lat="45.455564936680275" lon="4.775356009492531">
        <ele>147.87050606435454</ele>
        <time>2026-05-24T21:15:43.476Z</time>
      </trkpt>
      <trkpt lat="45.45551563031157" lon="4.775414712911754">
        <ele>147.77979369871323</ele>
        <time>2026-05-24T21:15:44.930Z</time>
      </trkpt>
      <trkpt lat="45.45524737582781" lon="4.77553044546238">
        <ele>147.0681347676012</ele>
        <time>2026-05-24T21:15:51.277Z</time>
      </trkpt>
      <trkpt lat="45.45516901703894" lon="4.775542521902111">
        <ele>146.68282909350276</ele>
        <time>2026-05-24T21:15:53.062Z</time>
      </trkpt>
      <trkpt lat="45.455205019739395" lon="4.775631082468863">
        <ele>146.9490469881281</ele>
        <time>2026-05-24T21:15:54.688Z</time>
      </trkpt>
      <trkpt lat="45.45520609187761" lon="4.775630892342662">
        <ele>145.86370173699854</ele>
        <time>2026-05-24T21:15:54.712Z</time>
      </trkpt>
      <trkpt lat="45.455309272022646" lon="4.775656779589809">
        <ele>146.37872884059058</ele>
        <time>2026-05-24T21:15:58.207Z</time>
      </trkpt>
      <trkpt lat="45.455376653317074" lon="4.77563765406606">
        <ele>146.52476823669866</ele>
        <time>2026-05-24T21:16:00.498Z</time>
      </trkpt>
      <trkpt lat="45.45543858450412" lon="4.775593392894564">
        <ele>146.61100319345707</ele>
        <time>2026-05-24T21:16:02.808Z</time>
      </trkpt>
      <trkpt lat="45.456006593463684" lon="4.77495500484082">
        <ele>147.22731553632826</ele>
        <time>2026-05-24T21:16:26.935Z</time>
      </trkpt>
      <trkpt lat="45.456116733515415" lon="4.774899587313541">
        <ele>147.26123296320534</ele>
        <time>2026-05-24T21:16:30.831Z</time>
      </trkpt>
      <trkpt lat="45.45615468087877" lon="4.774803266369275">
        <ele>147.09802185874466</ele>
        <time>2026-05-24T21:16:33.416Z</time>
      </trkpt>
      <trkpt lat="45.45616" lon="4.77478">
        <ele>145</ele>
        <time>2026-05-24T21:16:33.988Z</time>
      </trkpt>
      <trkpt lat="45.45616" lon="4.77472">
        <ele>145</ele>
        <time>2026-05-24T21:17:32.444Z</time>
      </trkpt>
      <trkpt lat="45.4558" lon="4.77413">
        <ele>145</ele>
        <time>2026-05-24T21:17:51.444Z</time>
      </trkpt>
      <trkpt lat="45.45577" lon="4.7741">
        <ele>145</ele>
        <time>2026-05-24T21:17:52.444Z</time>
      </trkpt>
      <trkpt lat="45.45566" lon="4.77397">
        <ele>145</ele>
        <time>2026-05-24T21:17:57.444Z</time>
      </trkpt>
      <trkpt lat="45.45565" lon="4.77387">
        <ele>145</ele>
        <time>2026-05-24T21:17:59.444Z</time>
      </trkpt>
      <trkpt lat="45.45569" lon="4.77377">
        <ele>145</ele>
        <time>2026-05-24T21:18:02.444Z</time>
      </trkpt>
      <trkpt lat="45.4558" lon="4.7737">
        <ele>145</ele>
        <time>2026-05-24T21:18:06.444Z</time>
      </trkpt>
      <trkpt lat="45.45591" lon="4.7737">
        <ele>145</ele>
        <time>2026-05-24T21:18:09.444Z</time>
      </trkpt>
      <trkpt lat="45.45595" lon="4.77372">
        <ele>145</ele>
        <time>2026-05-24T21:18:11.444Z</time>
      </trkpt>
      <trkpt lat="45.456" lon="4.77376">
        <ele>145</ele>
        <time>2026-05-24T21:18:13.444Z</time>
      </trkpt>
      <trkpt lat="45.45603" lon="4.77381">
        <ele>144</ele>
        <time>2026-05-24T21:18:14.444Z</time>
      </trkpt>
      <trkpt lat="45.45608" lon="4.774">
        <ele>144</ele>
        <time>2026-05-24T21:18:19.444Z</time>
      </trkpt>
      <trkpt lat="45.45616" lon="4.77444">
        <ele>145</ele>
        <time>2026-05-24T21:18:30.444Z</time>
      </trkpt>
      <trkpt lat="45.45637" lon="4.77511">
        <ele>145</ele>
        <time>2026-05-24T21:18:47.444Z</time>
      </trkpt>
      <trkpt lat="45.45635" lon="4.7752">
        <ele>146</ele>
        <time>2026-05-24T21:18:49.444Z</time>
      </trkpt>
      <trkpt lat="45.45645" lon="4.77554">
        <ele>146</ele>
        <time>2026-05-24T21:18:58.444Z</time>
      </trkpt>
      <trkpt lat="45.45663" lon="4.77609">
        <ele>147</ele>
        <time>2026-05-24T21:19:12.444Z</time>
      </trkpt>
      <trkpt lat="45.4567" lon="4.77627">
        <ele>147</ele>
        <time>2026-05-24T21:19:17.444Z</time>
      </trkpt>
      <trkpt lat="45.45691" lon="4.77678">
        <ele>147</ele>
        <time>2026-05-24T21:19:30.444Z</time>
      </trkpt>
      <trkpt lat="45.45724" lon="4.77747">
        <ele>145</ele>
        <time>2026-05-24T21:19:50.444Z</time>
      </trkpt>
      <trkpt lat="45.45761" lon="4.77818">
        <ele>149</ele>
        <time>2026-05-24T21:20:11.444Z</time>
      </trkpt>
      <trkpt lat="45.45777" lon="4.77843">
        <ele>148</ele>
        <time>2026-05-24T21:20:19.444Z</time>
      </trkpt>
      <trkpt lat="45.45796" lon="4.77877">
        <ele>147</ele>
        <time>2026-05-24T21:20:29.444Z</time>
      </trkpt>
      <trkpt lat="45.45798" lon="4.7788">
        <ele>146</ele>
        <time>2026-05-24T21:20:30.444Z</time>
      </trkpt>
      <trkpt lat="45.45878" lon="4.77979">
        <ele>145</ele>
        <time>2026-05-24T21:21:05.444Z</time>
      </trkpt>
      <trkpt lat="45.45904" lon="4.78013">
        <ele>144</ele>
        <time>2026-05-24T21:21:17.444Z</time>
      </trkpt>
      <trkpt lat="45.45937" lon="4.78071">
        <ele>143</ele>
        <time>2026-05-24T21:21:34.444Z</time>
      </trkpt>
      <trkpt lat="45.45962" lon="4.78136">
        <ele>142</ele>
        <time>2026-05-24T21:21:52.444Z</time>
      </trkpt>
      <trkpt lat="45.45975" lon="4.78187">
        <ele>143</ele>
        <time>2026-05-24T21:22:04.444Z</time>
      </trkpt>
      <trkpt lat="45.45963" lon="4.78192">
        <ele>143</ele>
        <time>2026-05-24T21:22:09.444Z</time>
      </trkpt>
      <trkpt lat="45.45947" lon="4.78126">
        <ele>142</ele>
        <time>2026-05-24T21:22:25.444Z</time>
      </trkpt>
      <trkpt lat="45.45926" lon="4.78074">
        <ele>143</ele>
        <time>2026-05-24T21:22:39.444Z</time>
      </trkpt>
      <trkpt lat="45.45915" lon="4.78085">
        <ele>143</ele>
        <time>2026-05-24T21:22:43.444Z</time>
      </trkpt>
      <trkpt lat="45.45921" lon="4.78105">
        <ele>143</ele>
        <time>2026-05-24T21:22:49.444Z</time>
      </trkpt>
      <trkpt lat="45.45905" lon="4.78123">
        <ele>142</ele>
        <time>2026-05-24T21:22:55.444Z</time>
      </trkpt>
      <trkpt lat="45.4589" lon="4.78089">
        <ele>143</ele>
        <time>2026-05-24T21:23:05.444Z</time>
      </trkpt>
      <trkpt lat="45.45859" lon="4.78038">
        <ele>144</ele>
        <time>2026-05-24T21:23:21.444Z</time>
      </trkpt>
      <trkpt lat="45.45826" lon="4.77999">
        <ele>146</ele>
        <time>2026-05-24T21:23:35.444Z</time>
      </trkpt>
      <trkpt lat="45.45803" lon="4.77977">
        <ele>145</ele>
        <time>2026-05-24T21:23:44.444Z</time>
      </trkpt>
      <trkpt lat="45.4578" lon="4.7796">
        <ele>145</ele>
        <time>2026-05-24T21:23:53.444Z</time>
      </trkpt>
      <trkpt lat="45.45745" lon="4.77953">
        <ele>145</ele>
        <time>2026-05-24T21:24:04.444Z</time>
      </trkpt>
      <trkpt lat="45.45738" lon="4.77952">
        <ele>145</ele>
        <time>2026-05-24T21:24:07.444Z</time>
      </trkpt>
      <trkpt lat="45.4573" lon="4.77956">
        <ele>145</ele>
        <time>2026-05-24T21:24:10.444Z</time>
      </trkpt>
      <trkpt lat="45.4571" lon="4.77961">
        <ele>145</ele>
        <time>2026-05-24T21:24:16.444Z</time>
      </trkpt>
      <trkpt lat="45.45683" lon="4.77964">
        <ele>145</ele>
        <time>2026-05-24T21:24:25.444Z</time>
      </trkpt>
      <trkpt lat="45.45652" lon="4.77963">
        <ele>145</ele>
        <time>2026-05-24T21:24:36.444Z</time>
      </trkpt>
      <trkpt lat="45.45644" lon="4.77961">
        <ele>145</ele>
        <time>2026-05-24T21:24:39.444Z</time>
      </trkpt>
      <trkpt lat="45.45639" lon="4.77959">
        <ele>145</ele>
        <time>2026-05-24T21:24:40.444Z</time>
      </trkpt>
      <trkpt lat="45.45623" lon="4.77947">
        <ele>146</ele>
        <time>2026-05-24T21:24:46.444Z</time>
      </trkpt>
      <trkpt lat="45.45618" lon="4.77941">
        <ele>146</ele>
        <time>2026-05-24T21:24:48.444Z</time>
      </trkpt>
      <trkpt lat="45.45609" lon="4.77923">
        <ele>147</ele>
        <time>2026-05-24T21:24:54.444Z</time>
      </trkpt>
      <trkpt lat="45.45606" lon="4.77911">
        <ele>147</ele>
        <time>2026-05-24T21:24:57.444Z</time>
      </trkpt>
      <trkpt lat="45.45599" lon="4.77901">
        <ele>147</ele>
        <time>2026-05-24T21:25:00.444Z</time>
      </trkpt>
      <trkpt lat="45.45595" lon="4.77897">
        <ele>147</ele>
        <time>2026-05-24T21:25:02.444Z</time>
      </trkpt>
      <trkpt lat="45.45586" lon="4.77895">
        <ele>146</ele>
        <time>2026-05-24T21:25:05.444Z</time>
      </trkpt>
      <trkpt lat="45.45577" lon="4.77892">
        <ele>146</ele>
        <time>2026-05-24T21:25:08.444Z</time>
      </trkpt>
      <trkpt lat="45.45583" lon="4.77888">
        <ele>146</ele>
        <time>2026-05-24T21:25:10.444Z</time>
      </trkpt>
      <trkpt lat="45.45596" lon="4.77884">
        <ele>147</ele>
        <time>2026-05-24T21:25:14.444Z</time>
      </trkpt>
      <trkpt lat="45.45612" lon="4.77883">
        <ele>148</ele>
        <time>2026-05-24T21:25:20.444Z</time>
      </trkpt>
      <trkpt lat="45.45618" lon="4.77884">
        <ele>148</ele>
        <time>2026-05-24T21:25:22.444Z</time>
      </trkpt>
      <trkpt lat="45.45618" lon="4.77899">
        <ele>148</ele>
        <time>2026-05-24T21:25:25.444Z</time>
      </trkpt>
      <trkpt lat="45.45622" lon="4.77913">
        <ele>148</ele>
        <time>2026-05-24T21:25:29.444Z</time>
      </trkpt>
      <trkpt lat="45.45631" lon="4.77929">
        <ele>147</ele>
        <time>2026-05-24T21:25:34.444Z</time>
      </trkpt>
      <trkpt lat="45.45652" lon="4.77946">
        <ele>147</ele>
        <time>2026-05-24T21:25:42.444Z</time>
      </trkpt>
      <trkpt lat="45.45718" lon="4.7795">
        <ele>146</ele>
        <time>2026-05-24T21:26:04.216Z</time>
      </trkpt>
      <trkpt lat="45.457003092619715" lon="4.7791782711738335">
        <ele>147.61495611388364</ele>
        <time>2026-05-24T21:26:13.668Z</time>
      </trkpt>
      <trkpt lat="45.45680025389714" lon="4.7788793294049015">
        <ele>147.73119531732272</ele>
        <time>2026-05-24T21:26:23.347Z</time>
      </trkpt>
      <trkpt lat="45.456818255379886" lon="4.778774174844841">
        <ele>147.65090924911254</ele>
        <time>2026-05-24T21:26:25.868Z</time>
      </trkpt>
      <trkpt lat="45.45680455003907" lon="4.77871360494413">
        <ele>147.50977115090942</ele>
        <time>2026-05-24T21:26:27.353Z</time>
      </trkpt>
      <trkpt lat="45.45678536255599" lon="4.778672573720854">
        <ele>147.43279860962338</ele>
        <time>2026-05-24T21:26:28.506Z</time>
      </trkpt>
      <trkpt lat="45.456746987570256" lon="4.77863154249755">
        <ele>147.33886786345502</ele>
        <time>2026-05-24T21:26:30.106Z</time>
      </trkpt>
      <trkpt lat="45.456691980043075" lon="4.778622038434577">
        <ele>147.40808769245757</ele>
        <time>2026-05-24T21:26:31.699Z</time>
      </trkpt>
      <trkpt lat="45.45657000211793" lon="4.77866893126199">
        <ele>147.7671204005378</ele>
        <time>2026-05-24T21:26:35.308Z</time>
      </trkpt>
      <trkpt lat="45.456508327785286" lon="4.778700193145397">
        <ele>147.90777811188596</ele>
        <time>2026-05-24T21:26:37.210Z</time>
      </trkpt>
      <trkpt lat="45.45638172933491" lon="4.7786749505014825">
        <ele>148.0108396060126</ele>
        <time>2026-05-24T21:26:40.482Z</time>
      </trkpt>
      <trkpt lat="45.456302237695326" lon="4.778663227295482">
        <ele>147.9947785281581</ele>
        <time>2026-05-24T21:26:42.575Z</time>
      </trkpt>
      <trkpt lat="45.45621313277155" lon="4.7787160643694335">
        <ele>147.77692352600246</ele>
        <time>2026-05-24T21:26:45.102Z</time>
      </trkpt>
      <trkpt lat="45.45591" lon="4.77827">
        <ele>147.1538027574771</ele>
        <time>2026-05-24T21:26:56.512Z</time>
      </trkpt>
      <trkpt lat="45.45552" lon="4.77705">
        <ele>148</ele>
        <time>2026-05-24T21:27:39.580Z</time>
      </trkpt>
      <trkpt lat="45.45501858549383" lon="4.776865803554358">
        <ele>144.87874393146606</ele>
        <time>2026-05-24T21:27:56.771Z</time>
      </trkpt>
      <trkpt lat="45.454994716139566" lon="4.776650295035381">
        <ele>144.6388797135333</ele>
        <time>2026-05-24T21:28:01.852Z</time>
      </trkpt>
      <trkpt lat="45.45507" lon="4.77562">
        <ele>144.98288939394993</ele>
        <time>2026-05-24T21:28:25.976Z</time>
      </trkpt>
      <trkpt lat="45.45518" lon="4.77565">
        <ele>146</ele>
        <time>2026-05-24T21:28:31.356Z</time>
      </trkpt>
      <trkpt lat="45.45518" lon="4.77565">
        <ele>146</ele>
        <time>2026-05-24T21:28:31.356Z</time>
      </trkpt>
      <trkpt lat="45.45535" lon="4.77569">
        <ele>147</ele>
        <time>2026-05-24T21:28:36.356Z</time>
      </trkpt>
      <trkpt lat="45.45546" lon="4.77559">
        <ele>148</ele>
        <time>2026-05-24T21:28:41.356Z</time>
      </trkpt>
      <trkpt lat="45.45581" lon="4.77517">
        <ele>148</ele>
        <time>2026-05-24T21:28:56.356Z</time>
      </trkpt>
      <trkpt lat="45.45601" lon="4.77496">
        <ele>147</ele>
        <time>2026-05-24T21:29:04.356Z</time>
      </trkpt>
      <trkpt lat="45.45606" lon="4.77493">
        <ele>146</ele>
        <time>2026-05-24T21:29:06.356Z</time>
      </trkpt>
      <trkpt lat="45.45612" lon="4.7749">
        <ele>146</ele>
        <time>2026-05-24T21:29:08.356Z</time>
      </trkpt>
      <trkpt lat="45.45616" lon="4.7748">
        <ele>146</ele>
        <time>2026-05-24T21:29:11.356Z</time>
      </trkpt>
      <trkpt lat="45.45616" lon="4.77472">
        <ele>145</ele>
        <time>2026-05-24T21:29:13.356Z</time>
      </trkpt>
      <trkpt lat="45.4558" lon="4.77414">
        <ele>145</ele>
        <time>2026-05-24T21:29:31.356Z</time>
      </trkpt>
      <trkpt lat="45.45566" lon="4.77397">
        <ele>145</ele>
        <time>2026-05-24T21:29:37.356Z</time>
      </trkpt>
      <trkpt lat="45.45565" lon="4.77387">
        <ele>145</ele>
        <time>2026-05-24T21:29:39.356Z</time>
      </trkpt>
      <trkpt lat="45.45569" lon="4.77377">
        <ele>145</ele>
        <time>2026-05-24T21:29:42.356Z</time>
      </trkpt>
      <trkpt lat="45.4558" lon="4.7737">
        <ele>145</ele>
        <time>2026-05-24T21:29:46.356Z</time>
      </trkpt>
      <trkpt lat="45.45591" lon="4.7737">
        <ele>145</ele>
        <time>2026-05-24T21:29:50.356Z</time>
      </trkpt>
      <trkpt lat="45.45595" lon="4.77372">
        <ele>145</ele>
        <time>2026-05-24T21:29:51.356Z</time>
      </trkpt>
      <trkpt lat="45.456" lon="4.77376">
        <ele>145</ele>
        <time>2026-05-24T21:29:53.356Z</time>
      </trkpt>
      <trkpt lat="45.45603" lon="4.77381">
        <ele>144</ele>
        <time>2026-05-24T21:29:55.356Z</time>
      </trkpt>
      <trkpt lat="45.45609" lon="4.77407">
        <ele>144</ele>
        <time>2026-05-24T21:30:01.356Z</time>
      </trkpt>
      <trkpt lat="45.45616" lon="4.77444">
        <ele>145</ele>
        <time>2026-05-24T21:30:10.356Z</time>
      </trkpt>
      <trkpt lat="45.45637" lon="4.77511">
        <ele>145</ele>
        <time>2026-05-24T21:30:27.356Z</time>
      </trkpt>
      <trkpt lat="45.45635" lon="4.7752">
        <ele>146</ele>
        <time>2026-05-24T21:30:29.356Z</time>
      </trkpt>
      <trkpt lat="45.45639" lon="4.77534">
        <ele>146</ele>
        <time>2026-05-24T21:30:33.356Z</time>
      </trkpt>
      <trkpt lat="45.45645" lon="4.77554">
        <ele>146</ele>
        <time>2026-05-24T21:30:38.356Z</time>
      </trkpt>
      <trkpt lat="45.45661" lon="4.77604">
        <ele>147</ele>
        <time>2026-05-24T21:30:51.356Z</time>
      </trkpt>
      <trkpt lat="45.4567" lon="4.77627">
        <ele>147</ele>
        <time>2026-05-24T21:30:57.356Z</time>
      </trkpt>
      <trkpt lat="45.45691" lon="4.77678">
        <ele>147</ele>
        <time>2026-05-24T21:31:11.356Z</time>
      </trkpt>
      <trkpt lat="45.45724" lon="4.77747">
        <ele>145</ele>
        <time>2026-05-24T21:31:30.356Z</time>
      </trkpt>
      <trkpt lat="45.45761" lon="4.77817">
        <ele>149</ele>
        <time>2026-05-24T21:31:51.356Z</time>
      </trkpt>
      <trkpt lat="45.45784" lon="4.77855">
        <ele>148</ele>
        <time>2026-05-24T21:32:03.356Z</time>
      </trkpt>
      <trkpt lat="45.45796" lon="4.77876">
        <ele>147</ele>
        <time>2026-05-24T21:32:09.356Z</time>
      </trkpt>
      <trkpt lat="45.45864" lon="4.7796">
        <ele>145</ele>
        <time>2026-05-24T21:32:39.356Z</time>
      </trkpt>
      <trkpt lat="45.45902" lon="4.78009">
        <ele>144</ele>
        <time>2026-05-24T21:32:56.356Z</time>
      </trkpt>
      <trkpt lat="45.45935" lon="4.78068">
        <ele>143</ele>
        <time>2026-05-24T21:33:14.356Z</time>
      </trkpt>
      <trkpt lat="45.45961" lon="4.78132">
        <ele>142</ele>
        <time>2026-05-24T21:33:31.356Z</time>
      </trkpt>
      <trkpt lat="45.45974" lon="4.78183">
        <ele>143</ele>
        <time>2026-05-24T21:33:44.356Z</time>
      </trkpt>
      <trkpt lat="45.45962" lon="4.78189">
        <ele>143</ele>
        <time>2026-05-24T21:33:48.356Z</time>
      </trkpt>
      <trkpt lat="45.45947" lon="4.78123">
        <ele>142</ele>
        <time>2026-05-24T21:34:04.356Z</time>
      </trkpt>
      <trkpt lat="45.45925" lon="4.78072">
        <ele>143</ele>
        <time>2026-05-24T21:34:18.356Z</time>
      </trkpt>
      <trkpt lat="45.45914" lon="4.78081">
        <ele>143</ele>
        <time>2026-05-24T21:34:22.356Z</time>
      </trkpt>
      <trkpt lat="45.45921" lon="4.78101">
        <ele>143</ele>
        <time>2026-05-24T21:34:28.356Z</time>
      </trkpt>
      <trkpt lat="45.45905" lon="4.78121">
        <ele>142</ele>
        <time>2026-05-24T21:34:35.356Z</time>
      </trkpt>
      <trkpt lat="45.45891" lon="4.78091">
        <ele>143</ele>
        <time>2026-05-24T21:34:43.356Z</time>
      </trkpt>
      <trkpt lat="45.45861" lon="4.7804">
        <ele>144</ele>
        <time>2026-05-24T21:34:59.356Z</time>
      </trkpt>
      <trkpt lat="45.45829" lon="4.78001">
        <ele>146</ele>
        <time>2026-05-24T21:35:13.356Z</time>
      </trkpt>
      <trkpt lat="45.45804" lon="4.77978">
        <ele>145</ele>
        <time>2026-05-24T21:35:23.356Z</time>
      </trkpt>
      <trkpt lat="45.45782" lon="4.77961">
        <ele>145</ele>
        <time>2026-05-24T21:35:31.356Z</time>
      </trkpt>
      <trkpt lat="45.45738" lon="4.77953">
        <ele>145</ele>
        <time>2026-05-24T21:35:46.356Z</time>
      </trkpt>
      <trkpt lat="45.4573" lon="4.77956">
        <ele>145</ele>
        <time>2026-05-24T21:35:49.356Z</time>
      </trkpt>
      <trkpt lat="45.4571" lon="4.77961">
        <ele>145</ele>
        <time>2026-05-24T21:35:55.356Z</time>
      </trkpt>
      <trkpt lat="45.45683" lon="4.77964">
        <ele>145</ele>
        <time>2026-05-24T21:36:05.356Z</time>
      </trkpt>
      <trkpt lat="45.45659" lon="4.77963">
        <ele>145</ele>
        <time>2026-05-24T21:36:13.356Z</time>
      </trkpt>
      <trkpt lat="45.45652" lon="4.77963">
        <ele>145</ele>
        <time>2026-05-24T21:36:15.356Z</time>
      </trkpt>
      <trkpt lat="45.45644" lon="4.77961">
        <ele>145</ele>
        <time>2026-05-24T21:36:18.356Z</time>
      </trkpt>
      <trkpt lat="45.45639" lon="4.77959">
        <ele>145</ele>
        <time>2026-05-24T21:36:19.356Z</time>
      </trkpt>
      <trkpt lat="45.45623" lon="4.77947">
        <ele>146</ele>
        <time>2026-05-24T21:36:25.356Z</time>
      </trkpt>
      <trkpt lat="45.45618" lon="4.77941">
        <ele>146</ele>
        <time>2026-05-24T21:36:28.356Z</time>
      </trkpt>
      <trkpt lat="45.45609" lon="4.77923">
        <ele>147</ele>
        <time>2026-05-24T21:36:33.356Z</time>
      </trkpt>
      <trkpt lat="45.45606" lon="4.77911">
        <ele>147</ele>
        <time>2026-05-24T21:36:36.356Z</time>
      </trkpt>
      <trkpt lat="45.45599" lon="4.77901">
        <ele>147</ele>
        <time>2026-05-24T21:36:39.356Z</time>
      </trkpt>
      <trkpt lat="45.45595" lon="4.77897">
        <ele>147</ele>
        <time>2026-05-24T21:36:41.356Z</time>
      </trkpt>
      <trkpt lat="45.45577" lon="4.77892">
        <ele>146</ele>
        <time>2026-05-24T21:36:47.356Z</time>
      </trkpt>
      <trkpt lat="45.45583" lon="4.77888">
        <ele>146</ele>
        <time>2026-05-24T21:36:49.356Z</time>
      </trkpt>
      <trkpt lat="45.45596" lon="4.77884">
        <ele>147</ele>
        <time>2026-05-24T21:36:53.356Z</time>
      </trkpt>
      <trkpt lat="45.45609" lon="4.77883">
        <ele>148</ele>
        <time>2026-05-24T21:36:58.356Z</time>
      </trkpt>
      <trkpt lat="45.45618" lon="4.77884">
        <ele>148</ele>
        <time>2026-05-24T21:37:01.356Z</time>
      </trkpt>
      <trkpt lat="45.45618" lon="4.77897">
        <ele>148</ele>
        <time>2026-05-24T21:37:04.356Z</time>
      </trkpt>
      <trkpt lat="45.45622" lon="4.77913">
        <ele>148</ele>
        <time>2026-05-24T21:37:08.356Z</time>
      </trkpt>
      <trkpt lat="45.45626" lon="4.77921">
        <ele>148</ele>
        <time>2026-05-24T21:37:10.356Z</time>
      </trkpt>
      <trkpt lat="45.45631" lon="4.7793">
        <ele>147</ele>
        <time>2026-05-24T21:37:13.356Z</time>
      </trkpt>
      <trkpt lat="45.45635" lon="4.77932">
        <ele>147</ele>
        <time>2026-05-24T21:37:14.356Z</time>
      </trkpt>
      <trkpt lat="45.45654" lon="4.77947">
        <ele>147</ele>
        <time>2026-05-24T21:37:21.356Z</time>
      </trkpt>
      <trkpt lat="45.45717" lon="4.77947">
        <ele>146</ele>
        <time>2026-05-24T21:37:42.356Z</time>
      </trkpt>
      <trkpt lat="45.45703" lon="4.77921">
        <ele>148</ele>
        <time>2026-05-24T21:37:50.356Z</time>
      </trkpt>
      <trkpt lat="45.45696" lon="4.77912">
        <ele>149</ele>
        <time>2026-05-24T21:37:53.356Z</time>
      </trkpt>
      <trkpt lat="45.45693" lon="4.77906">
        <ele>149</ele>
        <time>2026-05-24T21:37:55.356Z</time>
      </trkpt>
      <trkpt lat="45.4568" lon="4.77888">
        <ele>150</ele>
        <time>2026-05-24T21:38:01.356Z</time>
      </trkpt>
      <trkpt lat="45.45682" lon="4.77877">
        <ele>150</ele>
        <time>2026-05-24T21:38:04.356Z</time>
      </trkpt>
      <trkpt lat="45.45681" lon="4.77871">
        <ele>150</ele>
        <time>2026-05-24T21:38:05.356Z</time>
      </trkpt>
      <trkpt lat="45.45678" lon="4.77866">
        <ele>150</ele>
        <time>2026-05-24T21:38:07.356Z</time>
      </trkpt>
      <trkpt lat="45.45675" lon="4.77863">
        <ele>150</ele>
        <time>2026-05-24T21:38:08.582Z</time>
      </trkpt>
      <trkpt lat="45.45664298242599" lon="4.778626312756813">
        <ele>147.49943112535414</ele>
        <time>2026-05-24T21:38:13.127Z</time>
      </trkpt>
      <trkpt lat="45.456507298980966" lon="4.778712282939068">
        <ele>147.91843118788793</ele>
        <time>2026-05-24T21:38:17.994Z</time>
      </trkpt>
      <trkpt lat="45.4563795270395" lon="4.778679194037068">
        <ele>148.01079263000713</ele>
        <time>2026-05-24T21:38:21.986Z</time>
      </trkpt>
      <trkpt lat="45.45629866484981" lon="4.77866160922693">
        <ele>147.99072936642963</ele>
        <time>2026-05-24T21:38:24.500Z</time>
      </trkpt>
      <trkpt lat="45.45621812765364" lon="4.778714682549946">
        <ele>147.78898454229454</ele>
        <time>2026-05-24T21:38:27.227Z</time>
      </trkpt>
      <trkpt lat="45.45590603042356" lon="4.7782655352327765">
        <ele>147.1285344611174</ele>
        <time>2026-05-24T21:38:42.928Z</time>
      </trkpt>
      <trkpt lat="45.455516571126395" lon="4.7770528545243565">
        <ele>146.61081621401607</ele>
        <time>2026-05-24T21:39:15.631Z</time>
      </trkpt>
      <trkpt lat="45.45495" lon="4.77692">
        <ele>144.5043950143011</ele>
        <time>2026-05-24T21:39:34.875Z</time>
      </trkpt>
      <trkpt lat="45.45494" lon="4.7772">
        <ele>144</ele>
        <time>2026-05-24T21:39:40.933Z</time>
      </trkpt>
      <trkpt lat="45.45497" lon="4.77743">
        <ele>145</ele>
        <time>2026-05-24T21:39:45.933Z</time>
      </trkpt>
      <trkpt lat="45.45504" lon="4.77758">
        <ele>145</ele>
        <time>2026-05-24T21:39:49.933Z</time>
      </trkpt>
      <trkpt lat="45.45512" lon="4.77788">
        <ele>145</ele>
        <time>2026-05-24T21:39:57.933Z</time>
      </trkpt>
      <trkpt lat="45.45525" lon="4.77821">
        <ele>145</ele>
        <time>2026-05-24T21:40:06.933Z</time>
      </trkpt>
      <trkpt lat="45.45539" lon="4.77847">
        <ele>145</ele>
        <time>2026-05-24T21:40:13.933Z</time>
      </trkpt>
      <trkpt lat="45.45556" lon="4.77874">
        <ele>145.40512158488988</ele>
        <time>2026-05-24T21:40:22.426Z</time>
      </trkpt>
    </trkseg>
  </trk>
</gpx>
